,x1,x2,class
0,-4.6591506,-6.40218,2.0
1,-17.450975,14.050201,1.0
2,-3.5055444,-11.296978,2.0
3,-12.38995,4.5095854,0.0
4,-3.1396403,-10.785313,2.0
5,-16.080034,9.067698,0.0
6,-10.405154,7.2424855,1.0
7,-14.95381,2.3456388,0.0
8,-4.1946425,-4.9573402,2.0
9,-0.61632913,-3.9608808,2.0
10,1.6600932,-5.2145567,3.0
11,10.089064,3.4635522,4.0
12,-14.769767,7.7268214,0.0
13,4.8963933,1.3700941,0.0
14,-17.528559,14.161776,1.0
15,2.4254677,-4.220649,2.0
16,-1.6226314,-8.854438,1.0
17,-4.999699,-7.7654953,3.0
18,-11.8460245,5.287595,1.0
19,-6.2361884,-5.0016828,1.0
20,-15.43127,2.1450477,0.0
21,-13.424663,8.451393,1.0
22,-3.1740365,-7.6664834,3.0
23,11.89693,3.8379762,4.0
24,9.742402,4.118291,4.0
25,-0.34201065,-2.5834622,2.0
26,-2.0309231,-4.7503586,2.0
27,-0.5804581,-5.660312,3.0
28,1.174998,-4.8271875,3.0
29,-14.389765,10.9344,0.0
30,1.3959905,-6.9506993,3.0
31,-0.20418891,-6.322769,3.0
32,-0.093203045,-7.134072,3.0
33,-6.501948,-5.5713634,2.0
34,17.829067,7.0202737,4.0
35,-5.9919686,-9.38197,1.0
36,-14.348613,-2.7440925,1.0
37,10.745595,3.3072038,4.0
38,-5.8265553,-4.0748305,1.0
39,-5.2360673,-2.640457,0.0
40,-15.501901,1.2070106,0.0
41,-7.7157526,-0.7642934,0.0
42,-12.857025,2.359689,1.0
43,8.588614,3.3712988,4.0
44,-14.353867,-2.742648,1.0
45,-15.734993,8.675703,0.0
46,-15.534221,1.0884899,0.0
47,-2.7850895,-4.722344,2.0
48,-3.0184002,-11.19258,2.0
49,-4.821101,-7.7541537,3.0
50,-4.4577985,-13.231913,1.0
51,-12.478102,3.64947,0.0
52,-0.17704968,-7.6767917,3.0
53,-15.237917,9.603364,0.0
54,-11.011799,2.3755305,1.0
55,-6.0402403,-8.557063,1.0
56,0.48214012,-4.9139833,2.0
57,-5.61549,-6.166818,3.0
58,-13.7868595,10.413143,0.0
59,-5.8542814,-4.147431,1.0
60,-4.1303983,-8.813864,3.0
61,0.2644561,-7.149197,3.0
62,-11.239457,1.9814879,0.0
63,-7.9383636,-0.6377632,0.0
64,-2.978169,-11.73369,2.0
65,-13.735805,2.8399577,0.0
66,-2.9522593,-11.053403,2.0
67,-2.0794206,-10.036094,3.0
68,-11.384273,7.0192246,1.0
69,-1.0952419,-2.3181338,3.0
70,-17.414448,7.315956,0.0
71,-5.7557516,-11.25515,1.0
72,2.4139946,-2.2064967,3.0
73,18.132053,4.758892,4.0
74,17.229656,7.5194616,4.0
75,-11.197657,2.6648278,0.0
76,15.467453,5.1378694,4.0
77,-6.1983204,-11.499614,1.0
78,14.172607,8.262066,4.0
79,8.68896,2.8676763,4.0
80,-15.451175,1.8562404,0.0
81,-13.389929,3.3503213,0.0
82,3.964537,-2.2039568,3.0
83,1.399043,-3.8268683,2.0
84,0.23474301,-7.019974,3.0
85,15.572013,5.9074955,4.0
86,-0.74969625,-3.5600119,0.0
87,-9.21267,2.6883311,0.0
88,-15.614709,1.7737324,0.0
89,16.205435,5.506535,4.0
90,3.708198,0.6140781,0.0
91,-0.67371005,-5.973621,3.0
92,-14.867364,4.4428034,0.0
93,-5.0337195,-7.731577,3.0
94,-2.0830262,-2.1354089,3.0
95,-14.974934,7.847937,0.0
96,15.448436,5.8029623,4.0
97,-13.563751,0.64453316,1.0
98,-2.4692209,-9.886942,3.0
99,-5.9443192,-8.075844,1.0
100,10.6349945,3.3162477,4.0
101,-15.846078,1.1179937,1.0
102,-7.0378494,-8.38554,1.0
103,-5.9528365,-4.8010507,1.0
104,-14.04261,-1.4900594,1.0
105,-15.713657,2.2269115,0.0
106,-5.851261,-4.153772,1.0
107,-13.241654,6.407154,0.0
108,2.1002386,-9.003664,2.0
109,-4.5833817,-13.3783245,1.0
110,-16.044155,9.329139,0.0
111,-13.22186,6.1490273,0.0
112,-1.4166024,-2.6440825,3.0
113,16.602978,6.7943525,4.0
114,-7.3045464,-9.109684,1.0
115,-3.3283894,-13.567586,1.0
116,-8.804907,0.059356254,0.0
117,-14.831761,7.8097944,0.0
118,-18.405874,5.945652,0.0
119,-0.7744332,-3.2659206,0.0
120,-6.3247824,-5.495617,1.0
121,-15.840067,8.671602,0.0
122,-15.6690645,1.7345641,0.0
123,-15.063587,10.085113,0.0
124,-6.9855447,-1.1034129,0.0
125,1.6961374,-5.224293,2.0
126,18.057207,4.610317,4.0
127,-3.1242132,-4.8228493,2.0
128,4.907195,1.3594924,0.0
129,-10.691926,7.3101487,1.0
130,-5.099685,-4.523753,1.0
131,-6.187748,-11.500081,1.0
132,-14.840465,2.4721575,0.0
133,1.3568727,-1.1387818,2.0
134,-1.2531714,-4.137836,2.0
135,1.5729908,-8.813188,3.0
136,-16.001757,2.4077907,0.0
137,-14.201313,-2.1889434,0.0
138,14.881189,3.8450935,4.0
139,-14.68662,11.264525,0.0
140,4.8780828,1.3393803,0.0
141,-4.6295633,-9.219068,1.0
142,1.1914604,-5.259241,3.0
143,-13.048643,0.58908755,0.0
144,16.50388,-3.876278,3.0
145,6.9334,2.1592681,0.0
146,-6.282212,-8.207543,1.0
147,2.3236418,-9.152875,2.0
148,-14.891711,7.6901097,0.0
149,-1.7693557,-4.437449,3.0
150,-3.9982016,-12.6476145,2.0
151,3.2351358,-2.4556499,3.0
152,-12.97824,2.1403484,1.0
153,-6.1466675,-11.507197,1.0
154,-6.4646726,-8.183927,3.0
155,15.893815,3.367921,4.0
156,-12.078367,3.0737193,0.0
157,-11.154267,7.1563277,1.0
158,-14.984839,9.609537,0.0
159,-13.546751,0.73962337,1.0
160,-4.507972,-13.415711,1.0
161,10.116276,4.3473873,4.0
162,1.8938147,-1.4897919,0.0
163,16.240913,-3.9395592,1.0
164,16.332388,5.764009,4.0
165,-14.708608,8.24605,0.0
166,-0.45648643,-4.751155,2.0
167,2.6354616,-4.1138196,2.0
168,-0.67305464,-5.3167386,3.0
169,-4.251054,-5.908193,1.0
170,-6.721295,-1.0873697,0.0
171,15.565494,5.806422,4.0
172,-13.154284,1.2557416,0.0
173,18.19089,4.5193725,4.0
174,-18.33788,6.3179774,0.0
175,-6.296184,-4.8891516,3.0
176,-4.596026,-13.507243,1.0
177,15.986529,5.478741,4.0
178,3.237216,0.30278644,2.0
179,-4.411138,-7.648729,3.0
180,1.2392745,-4.953723,2.0
181,-14.591789,11.476053,0.0
182,0.21354824,-7.7424436,3.0
183,18.14867,4.086176,4.0
184,-4.8631716,-9.673027,1.0
185,13.936938,8.434472,4.0
186,18.146494,4.74252,4.0
187,14.708679,3.5417762,4.0
188,15.206603,1.3629185,2.0
189,15.198225,5.787267,4.0
190,-15.59544,1.749095,0.0
191,-1.4133196,-1.8091551,3.0
192,-3.9235218,-5.172459,2.0
193,-6.7362065,-11.475697,3.0
194,-14.673348,11.41423,0.0
195,10.81034,-4.908158,2.0
196,-14.66731,8.846118,0.0
197,-0.746578,-5.722159,3.0
198,-14.579428,8.047153,0.0
199,13.241587,7.6012807,4.0
200,-17.557701,14.226181,1.0
201,-15.465657,0.9472004,0.0
202,10.795787,3.31182,4.0
203,16.125404,-3.9289975,1.0
204,-10.940632,2.8725996,0.0
205,0.2214211,-5.818922,3.0
206,10.040741,3.3852232,4.0
207,-5.5167,-7.5031133,1.0
208,-2.1831422,-2.1142552,3.0
209,11.2378845,5.6187963,4.0
210,-5.880864,-8.076219,1.0
211,16.856752,7.931322,4.0
212,-15.591626,1.0786933,0.0
213,-11.663541,1.8762224,0.0
214,-14.10326,3.8085759,0.0
215,-15.627542,1.0272534,0.0
216,-1.8900081,-2.2927926,3.0
217,-5.981546,-4.177632,1.0
218,10.60335,4.649984,4.0
219,9.1860695,2.8896532,4.0
220,-18.35391,6.237077,0.0
221,-4.6013465,-13.700359,1.0
222,14.235164,9.606845,4.0
223,-2.8942075,-10.028761,1.0
224,-6.9105406,-11.346248,1.0
225,13.880189,7.765499,4.0
226,16.402105,-3.8559632,3.0
227,-4.8392973,-6.071956,2.0
228,-13.628123,8.493493,1.0
229,12.42999,7.8900228,4.0
230,-17.540277,14.196586,1.0
231,-11.003308,2.6395817,0.0
232,-5.554535,-2.263664,0.0
233,2.4351146,-4.842854,3.0
234,-3.0721688,-12.166692,2.0
235,-6.693842,-11.471269,3.0
236,-4.8274417,-6.256998,2.0
237,15.669016,5.360891,4.0
238,10.150953,4.422144,4.0
239,2.691291,-5.055282,3.0
240,-15.282154,2.227393,0.0
241,-15.631504,1.6713487,0.0
242,-11.588492,7.1716185,1.0
243,15.224767,7.5677433,4.0
244,-8.752319,0.15505978,1.0
245,0.28228968,-10.6367235,1.0
246,1.8031313,-8.92104,3.0
247,10.264119,3.2951748,4.0
248,-13.627186,3.108404,0.0
249,-2.5436127,-4.732863,2.0
250,-6.907084,-11.38713,3.0
251,15.950343,3.6767113,4.0
252,9.973558,4.1399155,4.0
253,-4.0440416,-6.3723116,1.0
254,10.553322,3.2354817,4.0
255,16.270168,-3.927411,1.0
256,-13.40521,0.69223505,0.0
257,-18.200136,6.6298313,0.0
258,2.194621,-2.8654544,2.0
259,-5.1213393,-7.838626,2.0
260,0.20538877,-5.1083994,3.0
261,15.057329,3.9271936,4.0
262,-14.858712,7.6999173,0.0
263,-2.0440223,-2.1158905,3.0
264,10.848801,-4.981135,2.0
265,-1.4198639,-2.6612668,3.0
266,15.313824,1.2332054,3.0
267,-8.360464,-0.30008012,0.0
268,15.778457,9.898135,4.0
269,-3.4021585,-13.46627,2.0
270,2.385675,-4.1243825,2.0
271,-14.436123,9.789804,0.0
272,-12.534181,0.60731846,0.0
273,-6.6764317,-4.53482,3.0
274,-2.3214397,-2.09773,3.0
275,-1.3367438,-1.8107078,3.0
276,-12.665922,3.870739,0.0
277,1.7298852,-8.908986,3.0
278,-14.176303,-2.0876887,0.0
279,8.151814,3.0071166,4.0
280,-12.746567,1.5109873,1.0
281,-2.8242288,-10.330888,2.0
282,15.580931,2.159278,4.0
283,-6.562971,-5.7817082,2.0
284,1.111148,-2.616236,2.0
285,-0.36969215,-7.303147,3.0
286,11.059275,4.6293254,4.0
287,-1.4895239,-2.1724837,3.0
288,-6.7435684,-11.402372,1.0
289,-1.1310959,-3.6162462,3.0
290,-0.6968996,-5.3004804,3.0
291,17.026587,7.249032,4.0
292,-6.1731277,-11.463569,1.0
293,-3.2511213,-13.523848,2.0
294,-2.3476627,-9.930047,3.0
295,-12.641594,3.3936484,0.0
296,15.357096,5.926004,4.0
297,-11.507327,2.3209999,0.0
298,-0.31653234,-6.8034062,3.0
299,10.826199,3.1183147,4.0
300,1.3058891,-4.5305223,2.0
301,13.82223,1.2696651,2.0
302,-15.937927,9.152317,0.0
303,-12.707254,1.2828913,1.0
304,-4.2810793,-5.8838005,2.0
305,13.899167,3.3119986,4.0
306,-3.151657,-7.662319,3.0
307,15.882773,2.8542254,4.0
308,1.6679151,-1.789952,0.0
309,-16.530914,9.544213,0.0
310,-6.6847,-9.630614,3.0
311,2.4108179,-9.062733,2.0
312,-13.729056,2.8407695,0.0
313,7.989641,2.9732416,4.0
314,3.9316518,0.7607593,0.0
315,15.567916,1.2164198,2.0
316,-12.74786,1.0293621,1.0
317,-2.638747,-8.53007,3.0
318,-5.800048,-7.2566714,1.0
319,-5.7635713,-9.613709,2.0
320,-1.826784,-4.045461,3.0
321,-14.558139,2.6451647,0.0
322,-6.538385,-7.9488597,1.0
323,-14.1728945,6.2388215,0.0
324,-2.0765781,-9.121954,1.0
325,-4.457136,-5.47246,2.0
326,-0.3474389,-4.43959,2.0
327,1.1300944,-5.307192,3.0
328,-18.232382,5.2834077,0.0
329,-2.0185082,-10.023537,2.0
330,15.335364,5.8905683,4.0
331,-13.166428,6.1226254,0.0
332,-0.68210787,-4.109524,2.0
333,1.4779238,-4.242653,2.0
334,13.424776,1.091488,2.0
335,-14.4929495,11.507333,0.0
336,13.472604,1.2425221,2.0
337,-17.465094,7.3685937,0.0
338,2.1457353,-9.067009,3.0
339,-16.173693,9.099803,0.0
340,16.307869,-3.9562824,3.0
341,2.7101934,-3.889415,2.0
342,14.581698,3.5746624,4.0
343,-7.4456754,-10.163356,3.0
344,15.400963,3.1109254,4.0
345,-13.060992,0.49408206,0.0
346,1.8672656,-1.3960615,0.0
347,-1.5333552,-4.829193,3.0
348,-2.1694798,-2.1604404,3.0
349,2.3400156,-8.894853,2.0
350,-6.589276,-5.789263,2.0
351,-3.07744,-9.572606,3.0
352,5.222748,1.5075147,0.0
353,10.800058,5.37532,4.0
354,-4.7155123,-5.896822,2.0
355,-0.9432491,-3.4209635,3.0
356,-13.546241,3.1961174,0.0
357,-1.7087908,-3.520016,2.0
358,-5.684044,-7.2930098,1.0
359,-15.420932,2.1814954,0.0
360,-2.2789078,-4.7496367,2.0
361,-15.421398,9.638419,0.0
362,-0.38841057,-7.342791,3.0
363,-15.649054,9.451518,0.0
364,-14.240036,10.560196,0.0
365,2.4680736,-9.109959,3.0
366,-5.975161,-4.336153,1.0
367,-5.253549,-7.2716913,1.0
368,-13.722154,11.050123,0.0
369,-3.572013,-3.1080687,3.0
370,-4.8076057,-8.14727,3.0
371,-15.488665,1.3069811,0.0
372,-1.3395245,-1.7526314,3.0
373,0.0007280265,-5.9616556,3.0
374,1.8642386,-1.6009861,0.0
375,17.95368,4.3623533,4.0
376,13.592936,7.747975,4.0
377,-2.5461361,-7.651347,2.0
378,16.294384,-3.8965712,2.0
379,-4.4530563,-13.216573,1.0
380,0.020402707,-6.655834,3.0
381,-0.98189163,-5.2109413,3.0
382,-14.140812,-1.9362793,0.0
383,-17.281885,7.3545294,0.0
384,-6.4518127,-11.302117,3.0
385,-10.968047,1.500424,0.0
386,-12.93434,2.5113328,1.0
387,10.724123,3.1775954,4.0
388,11.001106,4.6817474,4.0
389,-14.929224,6.373885,0.0
390,-9.257719,2.7961047,0.0
391,1.5074966,-2.7941728,2.0
392,13.762858,1.3009003,2.0
393,-6.4696813,-4.7088046,3.0
394,-18.04988,6.8580055,0.0
395,-11.953934,5.1733484,1.0
396,-18.381973,5.9455056,0.0
397,-15.353403,2.246965,0.0
398,10.70531,3.349672,4.0
399,15.86092,-3.977697,3.0
400,1.7514244,-3.9194586,2.0
401,-6.9479423,-11.460021,3.0
402,-14.604694,3.5575204,0.0
403,-14.768873,8.896652,0.0
404,-3.0656774,-13.386321,1.0
405,-17.593822,7.158257,0.0
406,-13.371551,0.9730313,0.0
407,-6.594786,-5.714297,2.0
408,8.793894,2.7875726,4.0
409,2.5668962,-4.0098186,2.0
410,15.264794,1.4712778,3.0
411,1.1398095,-4.4206815,2.0
412,-13.01831,1.7830406,1.0
413,-0.49529487,-4.1378784,2.0
414,-14.924675,6.6798186,0.0
415,-0.36120445,-2.9994364,0.0
416,13.536388,1.2361797,2.0
417,2.5747325,-4.086599,2.0
418,13.785674,1.3246185,2.0
419,14.415389,9.926211,4.0
420,-14.112772,9.877193,0.0
421,11.42723,2.948367,4.0
422,-1.9587339,-9.933352,3.0
423,-4.548097,-13.769064,1.0
424,-18.179451,6.659675,0.0
425,-4.41922,-14.359768,1.0
426,-13.225105,6.3900795,0.0
427,8.804099,2.7444487,4.0
428,-15.444012,1.9737437,0.0
429,12.647954,7.9412756,4.0
430,11.382631,4.629633,4.0
431,-1.5324763,-3.6103094,2.0
432,-15.053648,0.8514903,0.0
433,10.802705,4.192026,4.0
434,-4.3167095,-2.5203943,2.0
435,-14.628777,11.409556,0.0
436,10.588953,3.1486917,4.0
437,18.186861,4.45023,4.0
438,-4.1963477,-6.1257453,1.0
439,0.23899037,-6.871406,3.0
440,-16.461823,8.939112,0.0
441,-7.423474,-10.043244,3.0
442,-15.179272,2.283124,0.0
443,-4.797985,-8.026551,3.0
444,-13.884111,2.3222969,0.0
445,13.993112,8.793804,4.0
446,-15.571257,0.9905972,0.0
447,-0.66642827,-2.0475912,2.0
448,-14.875496,6.1568694,0.0
449,-0.3968745,-7.358186,3.0
450,-4.565015,-13.477525,1.0
451,-16.081379,2.4293911,0.0
452,-6.3776317,-11.408138,1.0
453,-1.8578333,-4.306615,3.0
454,-14.016961,8.66374,1.0
455,-5.9783335,-8.955946,1.0
456,-15.773018,2.2385986,0.0
457,-11.97283,1.7972312,0.0
458,1.7650825,-8.853935,3.0
459,2.3890188,-9.066072,3.0
460,-14.683971,2.6778002,0.0
461,-4.9539285,-8.014682,3.0
462,-0.3931364,-4.845528,1.0
463,-1.675492,-6.7143655,1.0
464,-1.8924141,-7.073277,1.0
465,-0.23468824,-4.35698,2.0
466,-13.4211235,0.887129,1.0
467,-7.5349183,-9.961966,3.0
468,-1.3559006,-1.8223122,3.0
469,-13.056792,0.6139387,0.0
470,-13.421955,1.6505327,0.0
471,15.603979,2.8789184,4.0
472,-13.443194,3.405868,0.0
473,-10.761672,2.752224,0.0
474,-6.7503095,-7.2955403,1.0
475,-14.605001,2.6735902,0.0
476,15.692883,3.358872,4.0
477,-0.753845,-5.4775615,3.0
478,-5.35935,-11.466236,2.0
479,13.7898245,1.4635533,2.0
480,16.057398,3.8553476,4.0
481,-0.313386,-3.7603483,2.0
482,-5.1174817,-4.370927,1.0
483,11.304466,3.0099795,4.0
484,-2.885863,-11.6165695,2.0
485,-12.831832,1.5429167,1.0
486,-3.797945,-12.715375,1.0
487,-9.777145,1.0126269,0.0
488,-3.5125496,-12.171679,1.0
489,-11.027304,1.4989606,0.0
490,16.238153,4.5267177,4.0
491,-15.596916,8.292476,0.0
492,-13.2671,1.090878,0.0
493,3.8336499,-2.301154,3.0
494,-6.1765723,-6.87115,1.0
495,16.438938,-3.883568,2.0
496,6.6872463,2.1508021,0.0
497,0.6740075,-5.3423476,3.0
498,-1.7427912,-2.0001807,2.0
499,-5.236468,-3.5664582,3.0
500,-2.4061491,-3.8894486,3.0
501,-6.097648,-8.048455,1.0
502,0.07198476,-6.5563626,3.0
503,-18.196457,6.5979123,0.0
504,-0.53497016,-7.0955725,3.0
505,15.1052685,7.7408915,4.0
506,15.244047,1.2437923,3.0
507,-10.901935,7.2376037,1.0
508,-4.820403,-8.440149,2.0
509,3.8005598,-2.3144073,3.0
510,1.2563285,-8.669428,3.0
511,1.7252661,-8.915994,3.0
512,-6.7229896,-6.3641224,3.0
513,4.8526115,1.3127998,0.0
514,-4.551279,-5.8446755,2.0
515,0.068702556,-6.993939,3.0
516,-14.518317,11.386344,0.0
517,-3.1823127,-13.540743,1.0
518,18.061373,4.018913,4.0
519,11.443462,2.713162,4.0
520,-4.689491,-9.315494,2.0
521,-3.5361435,-12.250721,1.0
522,-5.62767,-11.127706,1.0
523,-3.4306178,-12.381116,1.0
524,13.721046,1.3692443,2.0
525,-6.185885,-11.381393,1.0
526,-14.356551,-2.7380214,1.0
527,-4.425909,-1.6662451,2.0
528,-15.851244,9.202639,0.0
529,-13.267878,3.5408523,0.0
530,12.566497,8.05454,4.0
531,-0.9706065,-1.9691474,3.0
532,-11.342995,7.2468996,1.0
533,-15.85716,2.321902,0.0
534,-3.921689,-5.051454,2.0
535,15.735122,2.5849442,4.0
536,10.8668165,-4.912115,2.0
537,-12.936177,0.19054471,3.0
538,3.5481198,-2.7508137,3.0
539,-6.590742,-4.656348,3.0
540,17.736593,3.9767416,4.0
541,13.312905,7.392875,4.0
542,-6.7341695,-7.7835927,1.0
543,11.597973,6.0677123,4.0
544,-6.8420005,-9.21004,3.0
545,-14.33421,-2.6705563,1.0
546,-18.317524,6.3709984,0.0
547,15.666285,2.2646263,4.0
548,2.120156,-8.59481,3.0
549,-12.94105,5.820826,0.0
550,-14.693015,11.551242,0.0
551,15.054609,1.1830494,2.0
552,-9.875797,1.0277528,0.0
553,-1.3469515,-4.0009904,3.0
554,10.304043,2.7881181,4.0
555,12.923004,8.544681,4.0
556,1.0592023,-4.4863596,1.0
557,-11.033792,2.5188725,0.0
558,1.5368553,-8.934013,3.0
559,-1.5567554,-1.8494034,2.0
560,-5.874075,-9.492752,1.0
561,-14.848042,7.6704187,0.0
562,-17.527084,14.164891,1.0
563,-1.3941796,-1.8175789,3.0
564,-13.41781,3.1115885,0.0
565,-4.725196,-12.708756,2.0
566,-6.0145407,-10.748507,1.0
567,11.678536,2.900522,4.0
568,12.977264,0.6868226,3.0
569,15.145714,3.8711221,4.0
570,10.948959,-5.0670195,2.0
571,-4.109876,-3.205096,2.0
572,-4.126265,-2.4886804,2.0
573,-13.278267,6.3571796,0.0
574,3.8321705,-2.3433108,3.0
575,-0.33712816,-7.6158924,3.0
576,14.941984,8.187911,4.0
577,-15.418711,9.74992,0.0
578,1.5624529,-3.0000718,2.0
579,-13.295735,6.215604,0.0
580,-13.652836,-1.0762932,1.0
581,-15.2819,2.607648,0.0
582,-7.4909544,-10.246932,3.0
583,-15.490089,9.159598,0.0
584,-2.729739,-4.3300443,3.0
585,-4.8465843,-6.507745,2.0
586,1.0732346,-5.397707,3.0
587,-7.8092313,-0.703089,0.0
588,-6.154081,-8.086698,1.0
589,-13.3597,0.9328047,0.0
590,-3.410538,-13.512723,2.0
591,-9.251016,2.5664918,0.0
592,-3.9988477,-4.8499203,2.0
593,11.4831705,6.0878205,4.0
594,-3.6633813,-9.229907,3.0
595,-13.56471,10.919147,0.0
596,13.338911,2.585027,4.0
597,-12.6840315,2.032321,0.0
598,-14.55515,11.134744,0.0
599,-17.529114,14.1826935,1.0
600,13.663476,8.319607,4.0
601,-1.9990001,-6.900521,1.0
602,-1.7411082,-5.033209,3.0
603,-5.3598886,-8.897468,1.0
604,15.619181,5.592947,4.0
605,3.040634,-5.049753,3.0
606,9.205708,3.8457363,4.0
607,-3.5866544,-12.894189,2.0
608,17.800013,7.033238,4.0
609,-14.700322,9.951377,0.0
610,15.859248,-3.9416935,3.0
611,-0.21195367,-3.3428602,2.0
612,-13.329784,0.92220926,1.0
613,15.675119,2.3984613,4.0
614,12.931824,2.581469,4.0
615,2.7226946,-4.331233,2.0
616,-15.515543,8.630503,0.0
617,-1.9049827,-6.88724,1.0
618,-3.7523077,-9.081409,3.0
619,-14.066737,-1.8706057,0.0
620,10.869809,4.8413434,4.0
621,15.655474,3.4973903,4.0
622,1.7063667,-4.6617146,2.0
623,-15.562456,8.187424,0.0
624,-0.98848027,-5.3842807,3.0
625,-15.322895,3.0195336,0.0
626,-5.9515896,-4.1894264,1.0
627,-14.13143,10.621656,0.0
628,-15.429571,1.9711472,0.0
629,-5.4518337,-6.2399745,2.0
630,10.818814,3.0436726,4.0
631,-6.557755,-4.70653,3.0
632,-6.5786963,-7.565465,1.0
633,-4.0770216,-13.033601,1.0
634,0.42497855,-10.74942,1.0
635,0.47585598,-10.717141,1.0
636,15.527659,1.8882979,4.0
637,1.8618352,-1.5649126,0.0
638,-2.0998936,-3.7452374,3.0
639,-14.366615,11.464904,0.0
640,-3.4931977,-12.232111,1.0
641,10.650013,3.2617028,4.0
642,-11.47746,5.3001933,1.0
643,15.683048,-3.9402704,3.0
644,16.842798,3.4019716,4.0
645,-14.8655,5.3785596,0.0
646,-14.384577,11.473557,0.0
647,18.226929,4.6280594,4.0
648,-6.120919,-4.5198083,1.0
649,-4.328552,-1.3423688,2.0
650,12.611902,8.339747,4.0
651,-15.9572735,2.3470867,0.0
652,0.44718197,-6.7953544,3.0
653,15.233202,1.0917174,2.0
654,-13.424675,1.8790051,0.0
655,-14.240603,11.468338,0.0
656,-4.3174043,-6.188406,1.0
657,14.654553,1.2507732,2.0
658,-15.596716,1.2334247,0.0
659,16.704155,6.7643867,4.0
660,-3.4608414,-3.1887903,2.0
661,-14.909504,6.569911,0.0
662,-1.1275237,-8.848955,3.0
663,0.48832995,-10.738766,1.0
664,16.487774,4.1549444,4.0
665,-3.341832,-11.215648,2.0
666,-5.6843176,-10.157863,1.0
667,-14.633288,9.992517,0.0
668,-5.91697,-11.535771,1.0
669,-1.4881169,-4.576432,2.0
670,-5.0818143,-5.8261404,2.0
671,-4.263025,-5.4000745,2.0
672,-3.671119,-12.879108,1.0
673,10.290983,3.609819,4.0
674,-14.728468,2.4433084,0.0
675,-3.2186036,-11.021521,2.0
676,-14.57094,2.5765994,0.0
677,-14.086911,-1.7731313,0.0
678,2.0578282,-5.9140935,2.0
679,-18.17408,6.4682913,0.0
680,10.037133,4.348471,4.0
681,-2.1128643,-10.017963,3.0
682,-9.124169,0.31028432,0.0
683,-17.266113,7.435238,0.0
684,-13.005665,2.5543764,1.0
685,11.238562,3.8685334,4.0
686,15.357622,8.404558,4.0
687,-11.791177,5.3990173,1.0
688,-5.08416,-9.463451,1.0
689,2.3495948,-9.212954,2.0
690,-0.39097625,-4.3324656,2.0
691,13.895341,8.953757,4.0
692,-5.048072,-9.553682,1.0
693,0.4741936,-10.725258,1.0
694,-5.170329,-7.21942,2.0
695,-0.27479565,-7.2942677,3.0
696,-3.5221372,-13.333979,2.0
697,-5.997024,-6.983815,1.0
698,-15.47251,8.788743,0.0
699,-2.9532127,-9.715155,1.0
700,-13.861132,0.737083,0.0
701,-1.4990791,-2.3994007,3.0
702,-12.09216,4.862196,1.0
703,-5.8907948,-10.558181,1.0
704,-4.9448457,-7.6098485,3.0
705,0.58089364,-5.6820045,3.0
706,-4.45265,-13.312408,1.0
707,-6.2602267,-5.6587067,1.0
708,15.811391,2.6476583,4.0
709,-5.9795446,-8.964496,1.0
710,-11.977451,1.7209634,1.0
711,-3.02851,-13.403411,1.0
712,-4.882711,-7.536052,1.0
713,-6.055367,-7.253935,1.0
714,-5.1972966,-9.9394455,1.0
715,-13.659479,10.674314,0.0
716,-18.20815,6.6595745,0.0
717,-4.462074,-13.551459,1.0
718,0.47881722,-5.506853,3.0
719,-11.55606,1.7422973,0.0
720,-2.2164183,-3.4097877,3.0
721,14.938528,4.3288956,4.0
722,-4.537396,-13.717888,1.0
723,-4.975337,-7.486502,3.0
724,-0.03185894,-6.707662,3.0
725,10.314803,3.2206562,4.0
726,-12.948538,-0.1870329,0.0
727,-6.5451956,-5.865055,1.0
728,0.2245483,-6.0069885,3.0
729,10.957016,3.2862527,4.0
730,-17.366413,13.842308,1.0
731,10.0835905,3.3627229,4.0
732,-14.786639,7.7939334,0.0
733,-5.6274133,-10.077956,2.0
734,1.1612864,-3.4872072,2.0
735,-16.583723,9.742009,0.0
736,2.6414828,-2.1071765,3.0
737,1.9322445,-4.345357,2.0
738,-10.128795,7.239476,1.0
739,-3.5279903,-2.6227314,2.0
740,15.88983,9.9304,4.0
741,0.5749209,-10.652374,1.0
742,-4.084472,-2.6633718,2.0
743,-2.9443853,-11.018757,2.0
744,3.746634,-2.3038917,3.0
745,-15.614146,1.7839581,0.0
746,-14.140428,-1.9143555,0.0
747,9.8796835,3.519966,4.0
748,13.97545,1.3054283,2.0
749,3.629673,0.6008564,0.0
750,-11.071198,1.5260253,0.0
751,-3.907239,-10.532338,1.0
752,-12.433226,3.557457,0.0
753,1.254089,-5.0907097,2.0
754,-16.42232,8.775474,0.0
755,-3.040209,-10.462514,1.0
756,0.45943582,-10.711095,1.0
757,12.454178,3.718977,4.0
758,1.8946264,-1.4803439,0.0
759,-7.509956,-10.026056,3.0
760,-7.9887185,-0.52492666,0.0
761,-14.8897295,5.376828,0.0
762,-0.40144706,-5.270807,3.0
763,1.1338843,-4.3688884,2.0
764,11.495618,3.1261396,4.0
765,-13.09517,6.0130415,0.0
766,3.500698,-2.6107638,3.0
767,-12.794768,0.33710715,0.0
768,-13.142027,1.1319644,0.0
769,-13.086954,2.3176684,0.0
770,-1.4222118,-8.675592,3.0
771,-14.913666,4.6576824,0.0
772,-0.2555052,-7.3560853,3.0
773,-0.8515844,-1.9487206,3.0
774,11.614337,2.9533932,4.0
775,12.293271,7.644517,4.0
776,-13.6456585,10.92602,0.0
777,-4.5647144,-6.9645734,2.0
778,-6.692563,-9.88728,3.0
779,15.233951,5.704159,4.0
780,-6.331977,-9.839662,3.0
781,-18.283045,6.4713864,0.0
782,11.642194,6.2699428,4.0
783,-7.175581,-9.463918,1.0
784,-0.34747115,-2.8284266,2.0
785,-12.598806,3.7337592,0.0
786,-14.835946,10.950192,0.0
787,-1.1718584,-3.3596451,3.0
788,0.52619857,-7.3789845,3.0
789,11.473271,6.034555,4.0
790,-2.9940543,-8.313333,3.0
791,-17.528645,14.178238,1.0
792,-2.9262378,-11.335144,2.0
793,-14.333622,-2.6675618,1.0
794,-2.4662178,-3.8318515,3.0
795,9.392431,3.0373945,4.0
796,-2.7217119,-9.440992,1.0
797,-2.8903205,-10.918078,2.0
798,-16.613302,9.359434,0.0
799,-3.272192,-9.273434,2.0
800,-15.509552,2.3115237,0.0
801,-5.847322,-4.323616,1.0
802,1.6977851,-1.9105055,2.0
803,-1.4470373,-1.9234421,3.0
804,-11.145761,2.6071565,0.0
805,-4.2997713,-3.432762,2.0
806,-4.2746725,-4.8040366,2.0
807,-7.0459113,-11.568129,3.0
808,10.125129,3.352345,4.0
809,10.566974,3.3285232,4.0
810,1.1775643,-3.273785,2.0
811,-13.223513,6.2510185,0.0
812,-4.7753615,-8.103608,3.0
813,-14.479529,11.6066675,0.0
814,-2.6830018,-7.073572,3.0
815,-4.432521,0.96571016,1.0
816,-4.802576,-6.2964177,2.0
817,-5.9451885,-7.4017696,3.0
818,-15.226916,0.92993695,0.0
819,1.8794252,-5.075815,2.0
820,-3.369253,-13.184831,2.0
821,12.041651,6.9396863,4.0
822,1.1894262,-4.279874,2.0
823,-14.979989,10.824606,0.0
824,-4.479237,-12.581766,2.0
825,0.4829832,-10.72451,1.0
826,-5.296228,-7.297787,2.0
827,3.407466,0.39381436,0.0
828,-13.037479,0.6605402,0.0
829,-10.420074,7.25492,1.0
830,10.468415,4.453826,4.0
831,-2.744683,-3.6151319,3.0
832,-5.4886746,-6.389056,2.0
833,-2.9973495,-7.5295057,2.0
834,-13.397188,-0.42456874,1.0
835,15.237966,1.2813416,3.0
836,-6.0548716,-8.632769,1.0
837,13.486903,1.5315762,2.0
838,2.7167928,-4.54785,3.0
839,15.169598,1.2712383,2.0
840,-6.9660935,-11.347868,3.0
841,-0.14796305,-7.048184,3.0
842,15.073661,6.395343,4.0
843,-13.685498,11.101298,0.0
844,-17.36168,13.80429,1.0
845,2.7696486,-4.160751,3.0
846,-9.504564,1.8358531,0.0
847,-5.869224,-9.99648,3.0
848,-13.2581415,6.2856846,0.0
849,15.092743,9.706008,4.0
850,-10.55975,3.7987213,1.0
851,17.47205,4.4146595,4.0
852,-3.941769,-12.854466,1.0
853,1.7346483,-3.2933476,2.0
854,-3.9553242,-9.360639,1.0
855,9.2944,3.4272172,4.0
856,15.288549,1.2963723,3.0
857,-4.862552,-7.61973,3.0
858,-5.842993,-4.205979,1.0
859,-11.635357,2.4221735,0.0
860,-6.294408,-7.5270696,2.0
861,-13.248336,3.5985773,0.0
862,-15.975772,0.9119186,1.0
863,1.4314393,-2.0130622,2.0
864,15.143157,8.063766,4.0
865,1.7677115,-5.014581,3.0
866,-2.916298,-7.7794313,3.0
867,14.559138,-0.014905555,2.0
868,-6.718398,-1.2580109,0.0
869,17.661053,3.7769234,4.0
870,13.927017,9.113402,4.0
871,-0.86827815,-4.215165,2.0
872,2.7999654,-5.010361,3.0
873,-3.3720038,-3.2499282,2.0
874,-15.004778,2.8343058,0.0
875,-15.610334,8.14316,0.0
876,2.2921588,-9.130216,3.0
877,17.348557,7.3072734,4.0
878,-3.990674,-5.086763,2.0
879,-5.4358554,-5.9705276,2.0
880,-3.2808104,-5.4351172,2.0
881,-6.597199,-4.6768527,3.0
882,18.122646,4.220675,4.0
883,12.951245,8.027303,4.0
884,9.96236,4.5051622,4.0
885,-16.032597,0.9054611,1.0
886,-4.5111876,-3.107367,2.0
887,-1.7558528,-4.0638623,3.0
888,13.287918,7.9206705,4.0
889,11.391621,5.857661,4.0
890,11.425368,5.5814843,4.0
891,-11.443129,1.9106241,0.0
892,-2.325749,-10.016844,3.0
893,16.008398,3.821808,4.0
894,14.091404,3.3024342,4.0
895,-3.769498,-12.751307,1.0
896,-17.28195,13.6877985,1.0
897,2.6924045,-2.5908675,3.0
898,-15.327765,9.969054,0.0
899,-4.460435,-0.43145418,2.0
900,-4.760799,-8.467515,2.0
901,-2.2340395,-3.8156245,3.0
902,-6.6573267,-5.725885,2.0
903,-3.1134639,-13.383224,1.0
904,-2.904958,-11.289735,2.0
905,0.46552986,-10.733999,1.0
906,1.3099651,-3.4214728,2.0
907,17.743046,6.9839463,4.0
908,-13.223101,6.1629243,0.0
909,-7.175687,-9.249882,1.0
910,-9.570179,0.7879797,0.0
911,15.864468,5.7353168,4.0
912,-2.4409196,-8.681432,1.0
913,-4.179628,-10.773612,1.0
914,16.661669,7.0731874,4.0
915,-0.6496247,-3.450678,0.0
916,14.849078,3.4300437,4.0
917,-2.0348403,-6.913877,2.0
918,-3.0253837,-13.465985,1.0
919,-4.246549,-5.823003,1.0
920,-15.779437,8.624417,0.0
921,15.706525,2.317235,4.0
922,13.862723,1.0551065,2.0
923,13.921856,9.260292,4.0
924,-4.5090704,-13.693186,1.0
925,1.8731952,-2.931453,2.0
926,-1.7472733,-9.005424,2.0
927,-13.510731,0.9675604,0.0
928,1.8208358,-8.962375,3.0
929,-15.56529,0.99900424,0.0
930,-6.5058274,-5.748035,2.0
931,-11.677974,2.0492153,0.0
932,15.627682,2.260358,4.0
933,-5.3190007,-6.2087193,1.0
934,-7.11364,-8.408037,1.0
935,4.8917465,1.3712342,0.0
936,-17.347837,13.811748,1.0
937,-5.433187,-2.2723103,0.0
938,-5.669061,-7.547575,3.0
939,-7.362135,-10.130823,3.0
940,-14.853793,5.8226466,0.0
941,16.349537,4.0511193,4.0
942,-14.941624,4.55994,0.0
943,15.504606,5.6879635,4.0
944,-4.962325,-9.345569,1.0
945,-17.31382,13.723054,1.0
946,-3.7248137,-3.307385,2.0
947,-11.648883,2.2647407,0.0
948,2.3328886,-4.9402485,3.0
949,-17.750057,7.141414,0.0
950,-9.209168,2.7211492,0.0
951,-14.857821,6.795462,0.0
952,-5.376072,-6.0405507,2.0
953,-13.320912,1.0556943,1.0
954,3.175867,0.18557681,2.0
955,-18.352146,6.0569944,0.0
956,-0.9867911,-5.4441166,3.0
957,1.3670998,-4.4902997,3.0
958,2.6479745,-2.3467846,3.0
959,17.447906,6.979857,4.0
960,-14.436328,11.510855,0.0
961,8.82562,2.615988,4.0
962,2.7137837,-4.128239,2.0
963,-14.727431,2.3395548,0.0
964,-14.202594,-2.2028594,0.0
965,-5.9988537,-8.402552,1.0
966,-3.452551,-6.746495,2.0
967,-14.894552,6.234238,0.0
968,15.904734,-3.934579,3.0
969,-0.6787252,-3.329363,2.0
970,-9.1510725,2.826109,0.0
971,8.644339,2.882519,4.0
972,13.757363,2.8827538,4.0
973,-7.003903,-11.435276,3.0
974,-13.01856,-0.043217063,0.0
975,-4.7994394,-1.8561313,2.0
976,-2.315656,-3.839159,3.0
977,15.820217,9.82803,4.0
978,15.90363,3.6416302,4.0
979,-6.8787136,-1.092189,0.0
980,-0.07092014,-5.9054937,3.0
981,-3.7499692,-2.766592,2.0
982,-3.320764,-13.050346,2.0
983,-14.999034,9.13672,0.0
984,-17.557638,7.3138976,0.0
985,-13.598135,0.72594625,1.0
986,-15.943348,2.3270178,0.0
987,3.0759227,-4.948926,3.0
988,11.349075,3.6189418,4.0
989,-4.7381134,-8.079928,3.0
990,-18.171314,6.689422,0.0
991,18.008032,5.848059,4.0
992,-3.9830656,-12.900835,1.0
993,-17.299444,13.713376,1.0
994,-7.017074,-0.97627825,0.0
995,15.133008,7.5085554,4.0
996,-12.011215,1.7120394,1.0
997,-2.282361,-3.8368504,3.0
998,-13.784523,10.555092,0.0
999,-2.8747776,-9.795168,3.0
1000,-12.557097,3.8601155,0.0
1001,-9.448198,5.6508937,1.0
1002,16.658972,7.1318135,4.0
1003,-14.09964,-1.7131727,1.0
1004,-4.5090013,-13.687149,1.0
1005,-4.2505183,-6.1143274,1.0
1006,-14.349959,-2.7150536,1.0
1007,11.107295,4.9003844,4.0
1008,-1.5818837,-2.1068559,3.0
1009,-9.030549,0.2995238,0.0
1010,-0.8169987,-6.8516245,3.0
1011,-15.916506,8.90893,0.0
1012,-14.095474,-1.8938551,0.0
1013,-13.057861,5.905511,0.0
1014,11.536196,6.211272,4.0
1015,-1.9457133,-3.9190354,2.0
1016,8.525218,3.0199845,4.0
1017,-9.264997,0.480139,0.0
1018,-0.10279555,-6.3224683,3.0
1019,10.6569395,3.2517655,4.0
1020,-11.320672,7.079717,1.0
1021,3.780121,-2.3387616,3.0
1022,1.2580082,-4.349023,1.0
1023,-15.985267,0.877217,1.0
1024,16.483282,-3.840466,3.0
1025,16.662971,7.1607804,4.0
1026,-4.6504354,-4.793472,3.0
1027,-15.661523,8.689369,0.0
1028,1.0267167,-5.3165126,3.0
1029,-5.9108353,-9.219063,1.0
1030,1.3171517,-5.130172,3.0
1031,-5.363139,-11.155081,2.0
1032,-15.053493,9.913873,0.0
1033,-3.2180746,-7.9773602,3.0
1034,-17.427984,13.978226,1.0
1035,1.9427451,-5.5400453,2.0
1036,-18.042301,6.9794054,0.0
1037,-18.388578,5.9071355,0.0
1038,-0.6677612,-7.817818,3.0
1039,7.0866323,2.2439919,0.0
1040,-4.1986117,-4.53949,3.0
1041,-14.893356,6.414317,0.0
1042,-4.419154,-10.475609,1.0
1043,-5.33718,-9.988351,1.0
1044,10.813568,3.0475783,4.0
1045,-5.6773577,-10.41769,1.0
1046,-2.7249694,-9.911421,3.0
1047,-5.731628,-2.1171892,0.0
1048,17.675573,3.8519235,4.0
1049,-11.73477,5.2490816,1.0
1050,-5.7565937,-10.450634,1.0
1051,11.506979,3.1130707,4.0
1052,8.442375,2.8675876,4.0
1053,18.067688,4.996893,4.0
1054,-7.132375,-8.566531,1.0
1055,-2.5344946,-4.2815795,3.0
1056,-0.69434154,-3.2465985,0.0
1057,-0.64380246,-5.202579,3.0
1058,-14.275931,10.614552,0.0
1059,-4.3900743,-14.323095,1.0
1060,16.961617,7.979414,4.0
1061,-6.1552567,-7.089618,2.0
1062,-5.740182,-10.861062,2.0
1063,12.258682,2.7611408,4.0
1064,-3.5374115,-3.6945918,2.0
1065,-12.566487,3.5091383,0.0
1066,1.8211918,-1.4850549,0.0
1067,9.975935,3.5422413,4.0
1068,16.536182,6.0062184,4.0
1069,-14.637537,11.083303,0.0
1070,11.4649515,4.9005847,4.0
1071,-6.456943,-11.454635,1.0
1072,15.882005,7.7960715,4.0
1073,-9.247885,2.699579,0.0
1074,-15.926114,2.3641055,0.0
1075,-13.315956,3.4572828,0.0
1076,2.566742,-2.63092,3.0
1077,-0.53401726,-6.3229113,3.0
1078,2.8851204,-5.055721,2.0
1079,-9.168569,2.7825217,0.0
1080,-12.1379795,4.9434123,0.0
1081,-4.623949,-3.0319185,2.0
1082,-3.7271922,-5.4292583,2.0
1083,-4.1780133,-10.653652,1.0
1084,-0.2710029,-7.2550373,3.0
1085,15.329744,5.864498,4.0
1086,-13.738265,8.518069,1.0
1087,-11.768664,1.9135361,0.0
1088,15.119578,6.128275,4.0
1089,14.3855915,9.133205,4.0
1090,-13.830479,10.574154,0.0
1091,-3.566082,-13.925308,1.0
1092,-3.3056314,-8.250505,3.0
1093,-15.60604,1.0386084,0.0
1094,-3.829428,-2.7137341,2.0
1095,-4.734,-7.967832,3.0
1096,-15.530614,8.002061,0.0
1097,-2.65808,-9.375607,3.0
1098,-1.1682769,-5.184501,2.0
1099,-3.6357195,-9.7998905,1.0
1100,16.34851,6.2157354,4.0
1101,-18.427103,5.8396697,0.0
1102,10.694931,3.0974815,4.0
1103,16.128048,-3.9867542,3.0
1104,-3.0662026,-4.591237,3.0
1105,0.9849173,-4.1561112,1.0
1106,-13.300841,3.584412,0.0
1107,-1.2090609,-1.9358855,3.0
1108,-0.40030903,-4.8579726,2.0
1109,18.04394,4.9508295,4.0
1110,-12.150602,5.606609,1.0
1111,10.3462715,3.3559308,4.0
1112,-14.84877,7.55617,0.0
1113,15.464493,5.789775,4.0
1114,-4.774657,-9.374726,1.0
1115,10.727568,3.6664863,4.0
1116,17.669666,7.1288953,4.0
1117,1.486603,-5.2155976,3.0
1118,-14.591317,11.319819,0.0
1119,0.42400232,-10.679498,1.0
1120,-1.5650208,-2.1195903,2.0
1121,-15.3390045,2.2449245,0.0
1122,16.702143,7.016064,4.0
1123,-2.4729333,-4.708076,3.0
1124,-17.526909,14.168964,1.0
1125,-3.8368297,-12.726451,1.0
1126,-5.799387,-4.2014527,1.0
1127,-15.436922,0.8889308,0.0
1128,-4.128134,-5.440836,2.0
1129,-4.023364,-12.413139,1.0
1130,18.080132,4.7601457,4.0
1131,-12.868541,4.0134015,0.0
1132,-17.433338,14.032953,1.0
1133,11.707586,6.5819907,4.0
1134,-3.4396784,-7.467774,3.0
1135,-14.88864,7.75711,0.0
1136,-11.907232,5.192257,1.0
1137,-5.7508283,-6.6552424,1.0
1138,5.008119,1.3695275,0.0
1139,9.779175,4.092224,4.0
1140,1.7454755,-8.865167,3.0
1141,-2.5345595,-7.4352055,2.0
1142,-4.6032743,-8.920375,2.0
1143,-2.2125022,-9.99951,3.0
1144,-15.927441,1.0214455,1.0
1145,-1.3330634,-3.6112356,3.0
1146,13.872335,8.974757,4.0
1147,-6.1742682,-11.4931555,1.0
1148,16.358591,4.001331,4.0
1149,-3.597232,-3.2752857,2.0
1150,-6.2459354,-6.479879,1.0
1151,-15.4328575,2.031389,0.0
1152,-4.545133,-9.709863,1.0
1153,-15.929535,2.3425057,0.0
1154,-13.132782,6.1908765,0.0
1155,-6.0165467,-10.700719,1.0
1156,15.22591,5.9757605,4.0
1157,2.2880893,-2.8076186,3.0
1158,-17.923552,6.4615436,0.0
1159,-12.80753,4.014283,0.0
1160,-17.297812,13.717409,1.0
1161,-14.837609,3.1324553,0.0
1162,-6.884703,-11.456676,1.0
1163,5.1907783,1.3989736,0.0
1164,-14.293971,10.823659,0.0
1165,10.949473,4.5564556,4.0
1166,17.923979,5.090803,4.0
1167,-14.38521,-2.8834324,1.0
1168,-0.18304166,-6.634176,3.0
1169,17.788738,3.8372982,3.0
1170,-0.48047304,-4.980384,2.0
1171,16.258251,3.9384964,4.0
1172,-0.7412353,-8.274642,3.0
1173,2.0715997,-9.097869,3.0
1174,2.0551608,-1.9381223,2.0
1175,-6.6542873,-1.3205732,0.0
1176,-3.3472283,-13.337557,1.0
1177,11.39747,5.8174367,4.0
1178,-6.3453426,-5.328503,3.0
1179,-1.2323053,-4.825906,2.0
1180,2.1451902,-9.043133,3.0
1181,-14.798746,8.993919,0.0
1182,-6.458234,-4.689884,3.0
1183,-6.5555363,-4.6764803,3.0
1184,1.9164612,-6.0883937,2.0
1185,-13.334619,3.46033,0.0
1186,-16.255526,9.009784,0.0
1187,-18.314144,6.4053187,0.0
1188,10.813298,3.0120463,4.0
1189,-14.891684,6.527582,0.0
1190,-12.908677,0.07310428,0.0
1191,3.9220414,-2.256417,3.0
1192,-15.7787285,9.380575,0.0
1193,-15.625194,2.2682588,0.0
1194,-16.218195,9.1877365,0.0
1195,5.4641757,1.6045178,0.0
1196,-3.6467903,-4.8728895,2.0
1197,-3.1126401,-11.0968685,2.0
1198,-15.278944,9.558277,0.0
1199,15.2022,0.82558894,2.0
1200,-4.707185,-6.800964,2.0
1201,-0.25195742,-7.0844274,3.0
1202,-3.6517181,-3.3656435,2.0
1203,-11.006342,2.7117074,0.0
1204,-14.652351,2.4042056,0.0
1205,9.9747505,3.1267903,4.0
1206,-18.317377,6.4101167,0.0
1207,-15.669972,8.119166,0.0
1208,-4.609035,-13.730945,1.0
1209,12.481181,8.070142,4.0
1210,-14.936523,9.4053335,0.0
1211,1.6397709,-5.089675,2.0
1212,16.085411,5.5626535,4.0
1213,-13.0898905,6.048528,0.0
1214,-12.964376,3.6899567,0.0
1215,-14.657087,11.140759,0.0
1216,1.2217258,-7.00446,3.0
1217,-14.81501,7.432798,0.0
1218,-4.5802546,-11.44421,2.0
1219,16.393965,-3.8542557,3.0
1220,0.5004998,-10.71639,1.0
1221,-7.041458,-11.378744,3.0
1222,14.928607,3.343109,4.0
1223,-14.986505,8.87279,0.0
1224,-6.43614,-11.476057,1.0
1225,0.5008481,-2.9558418,2.0
1226,3.7740533,0.6727177,0.0
1227,-3.2995205,-3.426422,2.0
1228,12.620839,8.183514,4.0
1229,-2.94271,-9.901006,1.0
1230,2.3746662,-5.6048217,2.0
1231,-3.5928454,-7.457526,3.0
1232,-16.44397,9.396381,0.0
1233,2.8141975,-4.083858,3.0
1234,14.205611,9.620734,4.0
1235,-5.370848,-3.8072944,1.0
1236,-6.018589,-8.34606,1.0
1237,-15.452457,1.8365986,0.0
1238,-17.54701,14.201781,1.0
1239,-11.052914,2.5212665,0.0
1240,-0.7314909,-3.341095,0.0
1241,13.701507,1.3901904,2.0
1242,-17.375223,13.875721,1.0
1243,-13.550801,10.815607,0.0
1244,-6.470619,-6.6163416,1.0
1245,-1.0683912,-3.8081787,3.0
1246,15.974815,7.2882752,4.0
1247,-13.801102,0.70541877,1.0
1248,-11.756265,1.8589153,0.0
1249,-15.762438,9.235415,0.0
1250,-5.0829797,-2.5846868,0.0
1251,-13.999317,8.9117,1.0
1252,14.895648,7.060438,4.0
1253,-2.9615016,-7.827372,2.0
1254,-18.18851,6.5396953,0.0
1255,-11.074245,2.6672485,0.0
1256,9.046517,3.6308737,4.0
1257,13.867484,8.821782,4.0
1258,-12.334208,7.840064,1.0
1259,9.688404,4.122384,4.0
1260,-13.878122,11.303063,0.0
1261,-10.840021,2.7968822,0.0
1262,-12.774222,3.7887206,0.0
1263,-14.117337,-1.9304804,0.0
1264,-0.24345353,-7.22396,3.0
1265,-1.4225883,-2.0099332,2.0
1266,-9.195256,2.7444642,0.0
1267,-3.943439,-2.90055,3.0
1268,16.770653,7.4165716,4.0
1269,-14.129418,-1.8481569,1.0
1270,16.72147,6.852271,4.0
1271,8.732172,2.5224845,4.0
1272,-10.947988,2.5911548,0.0
1273,17.5756,7.2689104,4.0
1274,-0.032326538,-7.4668937,3.0
1275,14.252731,9.736072,4.0
1276,16.683329,4.282579,4.0
1277,2.457879,-9.179783,2.0
1278,-14.802103,8.763437,0.0
1279,-14.671084,11.6961,0.0
1280,-14.792036,4.1985874,0.0
1281,-0.25454062,-4.897722,2.0
1282,-3.6870031,-12.08477,1.0
1283,-14.176959,11.411243,0.0
1284,-15.553226,8.5853815,0.0
1285,-10.835245,1.3356285,0.0
1286,-8.7301235,-0.035436105,0.0
1287,-2.3546891,-3.8888643,2.0
1288,-0.801462,-2.0546372,2.0
1289,-2.824972,-13.556861,1.0
1290,-6.08014,-8.7981205,1.0
1291,18.056644,5.1950235,4.0
1292,-1.3898722,-5.6865444,3.0
1293,-3.5447824,-12.095167,1.0
1294,-2.7769194,-9.825086,3.0
1295,10.888251,3.3279028,4.0
1296,-10.789109,2.729669,0.0
1297,-0.1688675,-4.5154586,1.0
1298,11.43066,6.017116,4.0
1299,-8.847148,0.06991455,0.0
1300,11.238643,5.4914346,4.0
1301,-4.2762423,-2.0187843,2.0
1302,-14.124247,11.288144,0.0
1303,3.1409788,-5.084682,3.0
1304,14.296236,7.0525365,4.0
1305,-5.2914176,-7.8282633,2.0
1306,-13.384929,0.9342689,0.0
1307,-7.3958488,-9.47675,1.0
1308,0.04707767,-5.9110928,3.0
1309,-5.864815,-9.293205,1.0
1310,-17.36497,7.4279084,0.0
1311,11.565255,5.7358165,4.0
1312,-1.3133299,-1.8020098,3.0
1313,14.989808,9.860475,4.0
1314,-5.876356,-6.7561426,3.0
1315,-14.861768,4.89346,0.0
1316,-18.40623,5.8473806,0.0
1317,-3.6797042,-12.561367,1.0
1318,-16.633549,8.523983,0.0
1319,-13.131643,6.1968617,0.0
1320,-2.2796175,-3.5621662,3.0
1321,-2.772391,-4.902051,2.0
1322,10.967285,4.2764006,4.0
1323,0.21132903,-5.7784686,3.0
1324,-0.3249112,-4.0075135,2.0
1325,10.294069,3.3684347,4.0
1326,-5.8535304,-10.731221,1.0
1327,-16.59359,9.507136,0.0
1328,-14.547274,4.054761,0.0
1329,-2.8405724,-10.513585,2.0
1330,-6.932823,-9.618624,1.0
1331,0.0042090025,-5.040281,2.0
1332,15.650778,5.926337,4.0
1333,-14.050123,-1.5253872,1.0
1334,13.469299,1.4418796,2.0
1335,-3.2188945,-7.8165708,2.0
1336,0.5537067,-3.705115,2.0
1337,16.136526,-3.934598,3.0
1338,-13.287709,3.4057248,0.0
1339,18.1585,4.3581743,4.0
1340,15.9175825,-3.9578822,3.0
1341,1.5123131,-3.385427,2.0
1342,0.03572421,-6.2404327,3.0
1343,2.3592846,-9.017071,2.0
1344,16.30699,6.1903706,4.0
1345,-15.320077,1.4796393,0.0
1346,-1.0460808,-2.036757,3.0
1347,-3.430821,-10.080413,1.0
1348,-14.756772,6.1577096,0.0
1349,-15.476173,0.9401241,0.0
1350,-6.398129,-6.1421432,2.0
1351,-6.558249,-4.7114525,3.0
1352,-4.274706,-5.6256967,2.0
1353,16.245855,-3.9401703,1.0
1354,16.823547,7.320133,4.0
1355,-1.3802378,-2.181604,3.0
1356,-4.6373816,-8.459885,3.0
1357,-0.02366729,-7.3031597,3.0
1358,-1.243408,-3.6936955,2.0
1359,-13.403001,-0.53774136,1.0
1360,-4.315795,-14.534735,1.0
1361,13.253064,7.7737026,4.0
1362,-3.1858747,-7.613155,3.0
1363,-4.5858407,-9.506697,1.0
1364,-17.279963,13.836745,1.0
1365,-14.050286,-1.60386,1.0
1366,-0.15069844,-3.9065468,2.0
1367,13.597233,1.3667903,2.0
1368,-5.4885283,-7.3989115,1.0
1369,0.34689727,-5.4127254,3.0
1370,1.5185837,-8.742158,3.0
1371,-4.439095,-12.928105,1.0
1372,15.643961,7.6795034,4.0
1373,-18.403463,5.8593044,0.0
1374,-2.4154754,-9.330657,3.0
1375,14.964157,8.525454,4.0
1376,0.13340704,-4.212886,2.0
1377,8.896641,2.8890908,4.0
1378,-4.199717,-10.745167,1.0
1379,10.702228,3.2937443,4.0
1380,-15.571348,9.379288,0.0
1381,-3.2345881,-12.769946,2.0
1382,-1.3457319,-2.129791,2.0
1383,-9.979563,1.8116254,1.0
1384,-5.2090874,-6.507695,1.0
1385,-4.2328954,-14.306162,1.0
1386,17.001719,7.4252844,4.0
1387,-4.188493,-9.507624,2.0
1388,16.66325,4.5495787,4.0
1389,-11.576901,1.914443,0.0
1390,4.575762,1.1494294,0.0
1391,-2.4970496,-3.9944685,2.0
1392,0.59937,-8.799398,3.0
1393,-3.506464,-9.702059,1.0
1394,-14.267003,10.8070545,0.0
1395,-6.997355,-9.665786,3.0
1396,14.200142,3.2009835,4.0
1397,-14.01928,-1.5456808,1.0
1398,-13.987318,-1.5302511,1.0
1399,0.21755517,-3.5448794,2.0
1400,13.97393,7.528686,4.0
1401,-3.1543856,-12.226614,2.0
1402,-2.7262647,-4.1581383,3.0
1403,16.08459,5.8088894,4.0
1404,15.624977,4.977212,4.0
1405,-4.1499925,-2.1473494,2.0
1406,15.760796,5.5806017,4.0
1407,-6.49058,-4.71308,3.0
1408,-0.5107337,-4.305286,1.0
1409,4.9832096,1.4104553,0.0
1410,-12.679805,1.3563937,1.0
1411,-3.7993667,-12.78163,2.0
1412,-1.0181494,-1.8815875,2.0
1413,-2.8829567,-9.466969,3.0
1414,11.379031,5.5823874,4.0
1415,-17.580807,7.0882115,0.0
1416,-4.2119613,-3.912383,2.0
1417,1.4430244,-4.7936797,3.0
1418,2.3111491,-9.109942,2.0
1419,-4.425705,-6.2612777,1.0
1420,-4.7621746,-8.057654,3.0
1421,1.0930557,-5.3909283,3.0
1422,1.6934705,-6.3446903,3.0
1423,-3.7233436,-3.9141946,2.0
1424,-15.935642,2.3268235,0.0
1425,-5.807465,-6.8788815,1.0
1426,-18.398556,6.073687,0.0
1427,16.352623,-3.555869,2.0
1428,10.797077,-4.9860525,2.0
1429,1.1222689,-8.129808,3.0
1430,-13.503337,3.411625,0.0
1431,-10.9092655,2.9445298,0.0
1432,-6.966629,-11.477938,3.0
1433,-1.4186583,-1.9798582,3.0
1434,-0.47592497,-3.9948254,3.0
1435,-3.4577358,-3.9870882,2.0
1436,-15.923862,9.083024,0.0
1437,-1.7388762,-6.800352,1.0
1438,-14.382168,-2.832744,1.0
1439,-10.901249,2.9329622,0.0
1440,-1.1669494,-3.3489122,3.0
1441,1.7197822,-3.8673544,2.0
1442,8.755867,2.8958926,4.0
1443,-1.5581857,-8.840225,1.0
1444,-14.979355,3.7900045,0.0
1445,0.53370535,-5.431352,3.0
1446,2.7142174,-4.5184407,2.0
1447,-0.73228276,-5.8266087,3.0
1448,0.052551564,-4.421598,1.0
1449,-5.8094964,-10.685627,1.0
1450,-16.011414,2.3822494,0.0
1451,13.518279,1.4136355,2.0
1452,-3.590791,-2.6008093,2.0
1453,-1.5894231,-6.8451366,1.0
1454,17.993093,4.054049,4.0
1455,-18.19547,6.378486,0.0
1456,0.87050813,-4.6677237,3.0
1457,13.544234,1.1264243,2.0
1458,-17.317957,13.750309,1.0
1459,-1.4684072,-3.7004979,2.0
1460,14.927629,3.7330723,4.0
1461,16.141737,-3.9395578,3.0
1462,1.9405988,-5.637397,2.0
1463,-2.7040772,-9.500948,3.0
1464,-18.048458,6.8475776,0.0
1465,7.07286,1.6625773,0.0
1466,-1.3429352,-8.720209,3.0
1467,-15.488803,1.1615045,0.0
1468,-0.26245105,-4.904535,2.0
1469,-13.299918,-0.124628104,1.0
1470,-12.021164,2.9498565,0.0
1471,14.995534,3.9655566,4.0
1472,-1.4879591,-5.4065065,3.0
1473,18.109917,4.1355996,4.0
1474,18.109692,4.137149,4.0
1475,10.359686,3.4133615,4.0
1476,-1.5522,-1.8944083,3.0
1477,-2.9064014,-10.69832,2.0
1478,-17.801052,7.0442114,0.0
1479,-11.624225,2.185018,0.0
1480,-7.1452785,-9.410738,1.0
1481,-8.072215,-0.60057646,0.0
1482,-13.4529295,-0.70852095,1.0
1483,-3.1140935,-7.8158617,3.0
1484,-4.6732635,-8.054224,3.0
1485,11.207157,3.0413315,4.0
1486,0.40680182,-10.65621,1.0
1487,-2.246104,-2.2735488,3.0
1488,12.096203,2.8917248,4.0
1489,-13.10465,1.0381333,0.0
1490,-15.111505,9.476835,0.0
1491,-13.451307,-0.7961955,1.0
1492,-14.29804,10.691762,0.0
1493,-8.56046,-0.15189683,0.0
1494,-5.4436207,-10.75157,1.0
1495,0.6319556,-3.1756399,2.0
1496,16.795866,7.1817093,4.0
1497,10.0975895,3.2755268,4.0
1498,-18.262482,6.515882,0.0
1499,15.066243,7.768354,4.0
1500,16.588085,6.720661,4.0
1501,-4.4105315,-1.8380079,2.0
1502,-11.691603,1.8447837,0.0
1503,-4.89282,-7.674528,3.0
1504,13.346748,1.0752739,3.0
1505,-18.107841,6.828422,0.0
1506,-1.1940075,-8.938497,3.0
1507,10.577394,3.359032,4.0
1508,-4.3750873,-14.540245,1.0
1509,-1.6572647,-2.1845725,3.0
1510,11.504021,6.182102,4.0
1511,-13.861959,2.2589054,0.0
1512,-12.820137,0.0038716781,0.0
1513,-3.2889786,-13.066116,2.0
1514,1.6934108,-6.472999,3.0
1515,-13.099465,4.0833335,0.0
1516,-4.547529,-13.640026,1.0
1517,-11.1205635,1.5342284,0.0
1518,12.648401,7.082041,4.0
1519,1.2024674,-8.665191,3.0
1520,11.451775,6.0553913,4.0
1521,-5.955899,-4.2863245,1.0
1522,-15.993767,9.123804,0.0
1523,17.83129,3.7786515,3.0
1524,-3.5349267,-12.482465,2.0
1525,8.582494,3.3077085,4.0
1526,-0.9963695,-7.4622383,3.0
1527,16.198908,4.2110233,4.0
1528,-14.023427,-1.5575,1.0
1529,-5.308164,-9.928529,1.0
1530,-16.39666,9.434816,0.0
1531,-3.3401976,-12.5991125,2.0
1532,12.529273,8.083051,4.0
1533,-13.173358,0.22622275,0.0
1534,-14.721203,4.010104,0.0
1535,-15.688607,1.1965574,1.0
1536,-3.7118397,-8.194629,2.0
1537,-5.878856,-4.1357594,1.0
1538,18.068672,4.1217594,4.0
1539,-12.564858,7.9129553,1.0
1540,17.941326,4.219871,4.0
1541,17.967562,3.9617546,4.0
1542,-12.422596,2.0719717,0.0
1543,12.465438,8.016251,4.0
1544,-13.694169,10.788963,0.0
1545,-2.8429585,-9.575672,3.0
1546,-15.917329,9.129929,0.0
1547,-18.315159,6.3502755,0.0
1548,-10.965217,2.5569212,0.0
1549,9.041212,2.9090874,4.0
1550,-6.730877,-11.382283,1.0
1551,0.90091914,-8.756487,3.0
1552,-15.878741,2.3549435,0.0
1553,8.4493685,2.4203186,4.0
1554,14.118502,9.571577,4.0
1555,14.644868,1.4259931,2.0
1556,-14.739343,7.4465766,0.0
1557,2.8110447,-2.1289747,3.0
1558,-15.619376,8.251843,0.0
1559,2.5572338,-4.1011367,3.0
1560,13.716207,1.4223329,2.0
1561,-14.816464,4.891506,0.0
1562,-6.08795,-4.924578,1.0
1563,1.8083043,-4.105336,2.0
1564,-17.475008,14.07378,1.0
1565,1.6027495,-6.895953,3.0
1566,-2.7434294,-8.777933,1.0
1567,11.060596,4.821305,4.0
1568,0.14357996,-6.2532005,3.0
1569,-1.1951107,-3.5682836,3.0
1570,-5.386899,-6.060108,2.0
1571,-2.9913218,-11.866895,2.0
1572,-15.176499,9.733478,0.0
1573,-14.298282,10.828224,0.0
1574,2.5684762,-0.4174548,0.0
1575,-3.2918427,-2.4866984,2.0
1576,15.275625,3.3265853,4.0
1577,17.47571,7.383271,4.0
1578,-6.5540953,-4.7075496,3.0
1579,15.322547,7.3693275,4.0
1580,-12.828702,5.23689,0.0
1581,-14.106169,-1.5319285,1.0
1582,-0.41542953,-7.4344153,3.0
1583,1.3024055,-8.685399,3.0
1584,15.457296,6.210494,4.0
1585,1.0769291,-5.3841248,3.0
1586,-8.039031,-0.55156374,0.0
1587,0.41851386,-8.054014,3.0
1588,-3.084321,-2.952777,3.0
1589,-0.11171707,-5.0209064,3.0
1590,-6.717521,-8.19021,1.0
1591,-15.988644,0.88923657,1.0
1592,15.89541,2.7550318,4.0
1593,-13.317632,1.0724924,1.0
1594,1.6507255,-5.086807,2.0
1595,1.5291111,-5.253542,3.0
1596,-4.110393,-12.708559,2.0
1597,-4.3925524,-6.2294197,1.0
1598,3.8648977,-2.2670667,3.0
1599,-2.9673045,-10.948518,2.0
1600,-18.154638,6.6640105,0.0
1601,-5.6622314,-6.3783917,3.0
1602,1.2108043,-1.7007642,2.0
1603,-3.8127959,-2.8069527,2.0
1604,-9.263086,2.7174954,0.0
1605,-2.253935,-10.117924,2.0
1606,-0.19744144,-3.0584047,2.0
1607,8.76476,3.3199112,4.0
1608,1.6692654,-5.1813545,3.0
1609,-4.404615,-13.125819,1.0
1610,-4.3293796,-9.638264,1.0
1611,-3.5470805,-13.048289,1.0
1612,-4.529486,-13.593258,1.0
1613,-15.73061,1.0372597,1.0
1614,15.34113,5.879311,4.0
1615,-0.41103327,-6.363391,3.0
1616,-3.9110398,-9.1950035,3.0
1617,11.486213,0.7417311,3.0
1618,-4.0660815,-4.7744336,3.0
1619,-15.43671,8.213399,0.0
1620,0.8295066,-5.427397,3.0
1621,-14.299147,-2.6688764,1.0
1622,-14.87759,4.229263,0.0
1623,-17.520962,14.150675,1.0
1624,0.82403004,-4.7765784,1.0
1625,-4.3867993,-12.943272,1.0
1626,-13.962545,-1.5182892,1.0
1627,-2.2353,-6.936091,2.0
1628,-3.9803486,-5.403155,2.0
1629,-0.27033147,-7.4179335,3.0
1630,-1.6766675,-5.9224076,3.0
1631,-1.801676,-4.9934154,2.0
1632,-2.1922204,-2.0760891,3.0
1633,-13.540996,1.6445192,0.0
1634,-5.547098,-6.0471125,1.0
1635,-15.645368,9.185573,0.0
1636,-15.258686,9.821211,0.0
1637,-1.8989649,-2.0993104,2.0
1638,-4.8790054,-9.5819,1.0
1639,-1.453206,-2.013558,2.0
1640,-12.082044,5.2537293,1.0
1641,-2.2947934,-7.001195,2.0
1642,16.002651,7.7535667,4.0
1643,-4.431901,-4.4084654,3.0
1644,2.019309,-6.027832,2.0
1645,-2.2334254,-9.876062,2.0
1646,-4.611001,-9.147661,1.0
1647,2.365672,-2.3921027,3.0
1648,-4.236972,-14.517418,1.0
1649,-15.090107,10.080146,0.0
1650,4.8341756,1.348537,0.0
1651,-2.0450602,-4.5381002,2.0
1652,16.119337,-3.9660034,3.0
1653,-3.5201466,-12.413653,1.0
1654,15.513036,3.712369,4.0
1655,2.482855,-3.1813805,3.0
1656,-17.109646,7.782871,0.0
1657,-15.5571165,8.296226,0.0
1658,-16.153425,2.337855,0.0
1659,15.86618,2.8422756,4.0
1660,-2.2680168,-3.6899416,3.0
1661,8.706384,3.405705,4.0
1662,1.8743562,-1.4668219,0.0
1663,-13.367236,0.79193383,1.0
1664,-8.079542,-0.5232206,0.0
1665,13.5879545,1.4869835,2.0
1666,-13.38874,1.0157685,0.0
1667,-12.456656,1.1547374,1.0
1668,10.285151,3.1132195,4.0
1669,-5.6770205,-10.814379,2.0
1670,-4.546815,-13.409217,1.0
1671,-4.8867826,-7.6106315,3.0
1672,-4.685437,-3.398491,3.0
1673,13.611797,7.310638,4.0
1674,-6.9296417,-11.448557,3.0
1675,18.139208,4.424417,4.0
1676,-2.2331524,-10.056663,3.0
1677,-7.5469394,-10.069667,3.0
1678,-5.7859898,-9.751564,1.0
1679,-17.528013,14.188026,1.0
1680,-5.9619336,-7.044092,1.0
1681,17.612734,7.1415243,4.0
1682,-2.2977865,-10.000222,3.0
1683,4.7893915,1.2969455,0.0
1684,-14.903598,4.761076,0.0
1685,7.1338987,1.9702507,0.0
1686,-18.18161,6.6151633,0.0
1687,-11.733793,2.1181371,0.0
1688,15.19082,1.2397158,3.0
1689,-16.050755,9.232404,0.0
1690,3.8196774,-2.2881658,3.0
1691,-3.1724823,-4.8699813,2.0
1692,-1.107333,-3.7912614,2.0
1693,-14.322618,-2.6546407,1.0
1694,7.0699754,2.064014,0.0
1695,9.8522415,3.2275178,4.0
1696,-0.308111,-7.031602,3.0
1697,-14.4539175,11.180154,0.0
1698,-14.346362,-2.7156878,1.0
1699,-13.942565,11.269598,0.0
1700,-6.94884,-11.43322,3.0
1701,-0.89665174,-5.8670397,3.0
1702,10.830693,3.1999907,4.0
1703,-4.8148623,-8.13034,3.0
1704,8.443808,3.1911213,4.0
1705,-16.302864,8.365245,0.0
1706,-14.655182,11.374592,0.0
1707,-16.36493,9.441639,0.0
1708,-1.6916866,-2.5724902,3.0
1709,15.728959,3.55535,4.0
1710,-1.6535629,-4.5339184,2.0
1711,-17.485323,14.107768,1.0
1712,-13.253305,6.288165,0.0
1713,-5.013954,-2.6990917,0.0
1714,14.208992,9.373336,4.0
1715,-12.859415,3.230764,0.0
1716,-6.9542294,-11.486266,1.0
1717,-12.59447,3.6713128,0.0
1718,-3.0486124,-13.493373,1.0
1719,-13.373683,0.9424581,0.0
1720,-3.4462354,-2.5611055,2.0
1721,14.139591,9.524566,4.0
1722,13.618338,1.7278515,2.0
1723,-15.91763,0.7855932,1.0
1724,-18.190893,6.5901766,0.0
1725,-4.261804,-3.1705985,2.0
1726,0.6895922,-5.285326,3.0
1727,-13.102423,3.6236575,0.0
1728,-11.536756,2.3549836,0.0
1729,11.183012,3.4430656,4.0
1730,-0.878053,-6.8922043,3.0
1731,8.719043,2.670327,4.0
1732,-17.49881,14.130809,1.0
1733,1.1952542,-4.38691,1.0
1734,-17.521498,14.138761,1.0
1735,-14.87862,6.5556316,0.0
1736,-14.680193,11.663419,0.0
1737,1.8132217,-8.917713,3.0
1738,-13.853496,0.5342109,1.0
1739,-2.8420162,-9.655144,1.0
1740,15.875094,-3.9363468,3.0
1741,2.2033849,-4.096862,3.0
1742,-4.042223,-7.4108977,2.0
1743,13.36752,7.976802,4.0
1744,15.819442,2.5996492,4.0
1745,10.538311,3.0328958,4.0
1746,-13.345657,0.9077757,1.0
1747,-3.8947916,-12.710827,1.0
1748,10.826223,-4.825542,2.0
1749,-0.34207955,-1.8366477,3.0
1750,11.942633,2.9081762,4.0
1751,14.33995,9.63347,4.0
1752,-4.0904717,-10.920394,1.0
1753,11.670829,6.3010683,4.0
1754,-1.0712615,-6.5086637,3.0
1755,-4.7486396,-7.6278596,3.0
1756,16.617386,7.2246103,4.0
1757,1.1137707,-3.592805,2.0
1758,-16.34239,9.039131,0.0
1759,-2.471081,-2.2442198,3.0
1760,-5.13743,-6.0619507,2.0
1761,15.808462,3.0266604,4.0
1762,10.312057,3.4332712,4.0
1763,0.89123684,-4.2863817,1.0
1764,13.248943,7.6192904,4.0
1765,-5.752354,-7.430126,1.0
1766,1.0410031,-1.9321889,2.0
1767,8.635443,3.357432,4.0
1768,18.182655,4.602429,4.0
1769,16.561928,5.9472847,4.0
1770,-15.515584,1.2535434,0.0
1771,-3.6435974,-12.359922,2.0
1772,-4.3953457,-4.9386764,2.0
1773,-14.208064,11.435321,0.0
1774,-8.572256,-0.17594804,0.0
1775,2.2751117,-9.077383,3.0
1776,-12.837591,3.857735,0.0
1777,-12.890221,1.0938416,1.0
1778,-7.1379595,-9.529721,1.0
1779,-1.3367522,-4.886266,2.0
1780,-3.0936978,-9.642969,3.0
1781,-10.749382,1.3398727,0.0
1782,-14.093498,11.415925,0.0
1783,15.670687,10.059946,4.0
1784,-16.078829,9.17361,0.0
1785,-6.402816,-4.712833,3.0
1786,-2.1258318,-2.1156232,3.0
1787,-10.3054695,1.0783966,0.0
1788,-13.550397,0.9541436,0.0
1789,-3.235712,-13.393255,1.0
1790,14.830183,7.4875693,4.0
1791,14.265792,3.4073834,4.0
1792,-18.260487,6.5164337,0.0
1793,-11.108618,1.5364232,0.0
1794,-9.187026,2.6575434,0.0
1795,-3.874075,-9.219064,3.0
1796,-15.555483,7.4399095,0.0
1797,8.740292,2.5216887,4.0
1798,0.757632,-5.4670277,3.0
1799,0.15791024,-3.0657585,2.0
1800,-17.340948,13.798353,1.0
1801,16.193201,-3.9779196,1.0
1802,0.726135,-7.076918,3.0
1803,-1.8134596,-2.4552763,3.0
1804,-0.41705522,-4.4695086,2.0
1805,-10.397011,7.235815,1.0
1806,-3.1133907,-11.389009,2.0
1807,0.03608706,-6.7507596,3.0
1808,-8.168649,-0.4967885,0.0
1809,-5.133922,-1.5415392,2.0
1810,-16.198519,9.159278,0.0
1811,-10.632818,7.226965,1.0
1812,-1.1305238,-4.7834496,2.0
1813,-4.4817977,-3.3556578,3.0
1814,-5.5343323,-10.404578,1.0
1815,-11.743194,5.201819,1.0
1816,-2.0016549,-9.929477,3.0
1817,-17.540018,14.189442,1.0
1818,2.5765545,-2.3623152,3.0
1819,-4.5629816,-13.526089,1.0
1820,15.031111,1.2766324,2.0
1821,-16.525852,9.729984,0.0
1822,-5.1292815,-9.75971,1.0
1823,15.283751,1.5360837,3.0
1824,11.278218,4.513414,4.0
1825,16.424803,-3.88161,2.0
1826,-18.366898,5.86213,0.0
1827,-14.040322,11.357128,0.0
1828,-4.5534997,-1.414334,2.0
1829,-10.539142,1.4919021,0.0
1830,-3.071148,-7.5855618,3.0
1831,-4.349657,-14.441966,1.0
1832,-1.9763272,-3.9257855,2.0
1833,-0.4849772,-7.8799906,3.0
1834,-14.89326,6.2602916,0.0
1835,13.209525,1.3454754,3.0
1836,1.3839153,-3.3689075,2.0
1837,1.9222295,-1.5034324,0.0
1838,-0.3091039,-6.2096634,3.0
1839,10.562663,3.2416089,4.0
1840,0.4734292,-4.3415036,1.0
1841,-0.3333983,-5.35818,3.0
1842,-11.226664,1.8289475,0.0
1843,-2.84363,-8.81497,3.0
1844,-15.614986,2.5352528,0.0
1845,-13.640648,10.765975,0.0
1846,-4.5499773,-5.8098564,2.0
1847,-4.925791,-8.089099,3.0
1848,10.283785,3.517901,4.0
1849,-6.5259275,-5.983653,2.0
1850,-15.233641,2.3312254,0.0
1851,-14.014396,0.34338424,1.0
1852,-3.996741,-5.5505977,2.0
1853,14.820066,0.1002982,2.0
1854,-13.229304,0.94979435,0.0
1855,0.6790267,-4.788908,2.0
1856,-12.401623,3.347563,0.0
1857,-6.004523,-9.045226,1.0
1858,-14.10792,-1.8329742,0.0
1859,-16.052584,0.8327987,1.0
1860,13.526604,1.7789906,2.0
1861,-9.167945,2.8520844,0.0
1862,-5.9379077,-10.846542,1.0
1863,-2.1769495,-4.8543715,2.0
1864,8.742834,2.7312777,4.0
1865,-4.7833376,-3.2290747,2.0
1866,1.0678233,-1.931534,2.0
1867,-6.068133,-10.658739,1.0
1868,-4.8603373,-7.823795,3.0
1869,-4.286014,-11.794441,1.0
1870,-14.955924,9.823173,0.0
1871,-1.7105794,-1.9886674,2.0
1872,-7.3601937,-9.111639,1.0
1873,-4.2337184,-13.470366,1.0
1874,-14.958337,6.5349083,0.0
1875,-5.0288353,-9.570768,1.0
1876,-13.291801,8.379053,1.0
1877,15.773668,-3.9150794,3.0
1878,1.8963727,-1.5204226,0.0
1879,-18.322252,6.351471,0.0
1880,-16.294155,8.912824,0.0
1881,14.599455,3.6231859,4.0
1882,-15.355483,1.5201843,0.0
1883,2.428179,-9.07513,3.0
1884,15.337553,5.861333,4.0
1885,-6.061168,-7.092958,1.0
1886,-18.276289,6.4799614,0.0
1887,1.2934376,-5.123618,3.0
1888,-14.824111,7.498427,0.0
1889,-14.034027,3.0680323,0.0
1890,-14.267502,10.77188,1.0
1891,-18.199228,6.461677,0.0
1892,-3.2384856,-13.1124115,2.0
1893,-0.2588764,-7.384273,3.0
1894,-3.0243545,-9.747662,3.0
1895,-14.856058,7.0179124,0.0
1896,10.226871,4.1290436,4.0
1897,-12.444225,1.4292933,1.0
1898,-3.9060621,-3.1514547,3.0
1899,11.75417,6.65297,4.0
1900,-15.548453,0.99780977,0.0
1901,-0.38729644,-7.3674703,3.0
1902,13.127528,-0.67044884,2.0
1903,15.268136,1.2306733,2.0
1904,-1.0476028,-5.012156,3.0
1905,11.463426,6.0784326,4.0
1906,-15.204879,9.234013,0.0
1907,1.819492,-8.932799,3.0
1908,-4.5274634,-4.870462,3.0
1909,-4.440123,-11.760691,1.0
1910,15.847453,5.704703,4.0
1911,-18.280497,6.3924217,0.0
1912,-11.294539,7.091056,1.0
1913,-1.5756358,-8.782976,1.0
1914,-6.226607,-10.466616,1.0
1915,-2.5735474,-9.590148,2.0
1916,-4.630743,-6.0749755,2.0
1917,11.229848,4.4026628,4.0
1918,14.927172,1.001116,2.0
1919,15.72294,2.6087325,4.0
1920,1.7442917,-5.606193,2.0
1921,-15.972462,0.8682384,1.0
1922,-3.7520897,-12.77905,2.0
1923,2.0500765,-4.1997585,2.0
1924,12.537547,7.9501677,4.0
1925,-1.0035858,-2.0521228,2.0
1926,-2.907135,-11.26101,2.0
1927,-6.900523,-11.231952,1.0
1928,-18.427494,5.7562904,0.0
1929,-13.387074,2.0044835,0.0
1930,4.86517,1.3308216,0.0
1931,-5.6682477,-4.008121,1.0
1932,-11.313512,7.064671,1.0
1933,15.876823,-3.9522274,3.0
1934,-6.6500664,-10.666793,1.0
1935,-14.8750925,7.697304,0.0
1936,12.2043915,7.4794307,4.0
1937,5.304496,1.5520164,0.0
1938,13.454841,1.4213624,2.0
1939,-7.660226,-0.8003349,0.0
1940,-5.975549,-9.403675,1.0
1941,-0.342889,-3.028871,2.0
1942,15.168335,3.453287,4.0
1943,-8.518354,-0.19026706,0.0
1944,1.8161705,-1.3986979,0.0
1945,-7.5422764,-10.078655,3.0
1946,-11.223227,2.6136332,0.0
1947,-17.493565,14.122007,1.0
1948,13.731275,7.768934,4.0
1949,-1.0796633,-2.1478465,3.0
1950,13.572459,1.6303816,2.0
1951,-2.365171,-10.154941,3.0
1952,-14.934723,6.58678,0.0
1953,-14.2892275,10.951986,0.0
1954,3.6939733,0.6065441,0.0
1955,-3.2318869,-10.322958,1.0
1956,-1.34028,-2.5164595,3.0
1957,-4.339744,-2.9478922,3.0
1958,14.829588,6.9649434,4.0
1959,-2.8076584,-3.6592638,2.0
1960,17.392176,7.304475,4.0
1961,17.284277,7.53382,4.0
1962,-14.720079,8.820309,0.0
1963,-14.327834,-2.6787174,1.0
1964,-8.059237,-0.64422584,0.0
1965,2.7854176,-4.0709267,2.0
1966,-15.971221,0.9102578,1.0
1967,2.5128207,-2.14099,3.0
1968,7.1271253,2.2474182,0.0
1969,16.276665,-3.9287443,1.0
1970,-16.021162,9.106734,0.0
1971,-11.558836,2.4851744,0.0
1972,-4.30083,-12.889689,1.0
1973,-5.2934217,-9.912292,1.0
1974,-4.8998594,-9.486989,1.0
1975,-0.33996537,-4.2455573,1.0
1976,-4.961683,-10.968785,1.0
1977,15.21991,1.2297043,3.0
1978,-4.4025474,-3.8413265,3.0
1979,-7.8848453,-0.662714,0.0
1980,-11.146464,7.083404,1.0
1981,-0.75208384,-5.351104,2.0
1982,-3.591921,-12.616343,1.0
1983,-6.278431,-6.559799,1.0
1984,12.3174925,6.7961793,4.0
1985,2.4502015,-9.180028,2.0
1986,5.060943,1.4440465,0.0
1987,-13.013099,2.1202455,1.0
1988,-12.995339,5.7726607,0.0
1989,1.3440768,-5.177279,3.0
1990,17.957954,4.001533,4.0
1991,14.810989,3.6074898,4.0
1992,-6.713561,-8.290392,1.0
1993,-3.3505263,-4.9868126,2.0
1994,-10.845798,1.4206606,0.0
1995,18.183672,4.574679,4.0
1996,-7.1607747,-8.762,1.0
1997,-14.44527,11.541212,0.0
1998,-11.465884,5.9135985,1.0
1999,-5.6941333,-6.3190727,1.0
2000,16.202898,3.8892827,4.0
2001,-13.288274,-0.47253376,1.0
2002,-2.2350948,-3.8514612,3.0
2003,-15.93406,9.156592,0.0
2004,5.02698,1.4382762,0.0
2005,-6.1055384,-7.1408353,1.0
2006,-0.041551955,-5.425235,3.0
2007,-6.6124563,-6.341352,1.0
2008,-14.742128,4.4985447,0.0
2009,-1.6442099,-5.401024,3.0
2010,-4.5083594,-14.139966,1.0
2011,0.5209944,-5.587532,3.0
2012,1.2370746,-4.8348446,2.0
2013,-4.5454345,-14.128127,1.0
2014,11.332154,2.7752907,4.0
2015,11.212908,3.1387234,4.0
2016,-10.159679,1.046804,0.0
2017,8.623313,3.40909,4.0
2018,-5.455792,-6.0916953,2.0
2019,-2.300059,-9.977172,3.0
2020,16.068636,5.93132,4.0
2021,-5.5158353,-7.3303895,1.0
2022,-13.7074,-1.1167299,1.0
2023,-6.3148117,-7.50522,2.0
2024,-2.8855808,-2.2056532,3.0
2025,-5.293228,-11.381109,1.0
2026,-5.4642344,-7.876623,1.0
2027,-3.9753935,6.413751,1.0
2028,11.413067,-1.8097165,3.0
2029,-6.799422,5.8497925,1.0
2030,2.703872,-6.9042716,0.0
2031,15.303586,-2.5322316,2.0
2032,-8.752963,5.137155,0.0
2033,8.200589,1.1663611,2.0
2034,-6.248526,5.5640903,1.0
2035,9.285985,-2.8769338,2.0
2036,16.686907,7.8037305,4.0
2037,-3.6034565,5.94102,1.0
2038,9.313652,-0.29074848,3.0
2039,2.8378372,-6.9956803,0.0
2040,11.8424,-5.796117,2.0
2041,8.092786,-12.850152,0.0
2042,11.269672,-2.2145963,3.0
2043,-2.320218,6.5583262,1.0
2044,-6.1205783,5.27708,1.0
2045,8.583824,0.47709072,3.0
2046,10.823721,-3.5197806,2.0
2047,11.390546,-1.8257374,3.0
2048,-8.336768,6.251305,0.0
2049,-6.3976707,5.951771,0.0
2050,13.608291,-0.55074626,1.0
2051,-6.2659864,5.5045233,0.0
2052,-16.79169,12.785138,0.0
2053,-8.302791,7.9896255,0.0
2054,15.022089,9.05541,4.0
2055,-7.4865294,6.3306527,0.0
2056,8.506247,0.75126463,3.0
2057,15.374994,10.388222,4.0
2058,11.852981,-5.7140074,2.0
2059,11.346282,-1.9119222,3.0
2060,-3.204612,6.3834805,3.0
2061,11.454883,-6.1180778,2.0
2062,15.22339,3.958988,4.0
2063,13.829053,-0.5860085,1.0
2064,-4.552789,6.77499,3.0
2065,13.185905,-0.64389455,1.0
2066,-3.149159,6.181664,3.0
2067,11.281435,-3.2944863,3.0
2068,11.59813,-2.205767,3.0
2069,15.666394,10.116142,4.0
2070,-1.9510494,6.6948123,1.0
2071,15.052938,-1.4186976,2.0
2072,15.044086,-3.5335872,2.0
2073,9.087344,1.9333522,4.0
2074,-16.705482,12.701993,0.0
2075,16.757524,8.239168,4.0
2076,9.692605,-0.55840796,3.0
2077,-6.1078806,5.298002,0.0
2078,-5.9038687,4.9934964,1.0
2079,-5.116784,6.5267444,1.0
2080,13.6313305,-0.5768505,1.0
2081,-8.435208,6.542022,0.0
2082,2.3674054,-6.7554665,0.0
2083,-8.433344,6.3116217,0.0
2084,11.522981,-1.8160185,3.0
2085,-4.535251,1.5258982,1.0
2086,12.978055,9.285046,4.0
2087,11.830826,-2.4481685,3.0
2088,14.494666,-0.31178248,1.0
2089,13.07458,8.923736,4.0
2090,-6.2914367,5.2729445,1.0
2091,14.665451,-0.1511725,1.0
2092,15.128579,-2.8975363,2.0
2093,11.15137,-1.5180465,3.0
2094,10.839268,-0.37005037,1.0
2095,25.986778,-3.9246044,0.0
2096,7.1217656,0.8531597,3.0
2097,16.917753,6.812608,4.0
2098,-4.385257,6.547304,1.0
2099,-3.838421,8.021094,3.0
2100,-3.708453,5.758781,1.0
2101,-4.112342,6.4926023,1.0
2102,-9.402376,7.247208,0.0
2103,18.44386,4.7230206,3.0
2104,11.89554,-5.6925535,2.0
2105,8.941487,0.109084316,3.0
2106,9.1676235,-0.18407533,3.0
2107,11.393766,-4.495997,2.0
2108,11.263629,-2.994884,3.0
2109,16.515665,6.044937,4.0
2110,16.764664,8.256979,4.0
2111,16.81359,6.0345435,4.0
2112,15.696648,10.107997,4.0
2113,14.912224,8.9158325,4.0
2114,11.625435,-1.7544701,2.0
2115,16.46806,4.69991,4.0
2116,11.260895,-4.895113,2.0
2117,-3.448201,6.587029,3.0
2118,8.092601,-12.847972,0.0
2119,16.954815,6.2536693,2.0
2120,-4.9051642,6.5993066,1.0
2121,-8.112656,8.356484,0.0
2122,11.759161,-2.0576923,3.0
2123,-2.0944934,6.6825023,1.0
2124,11.433345,-6.202222,2.0
2125,13.046556,9.487711,4.0
2126,9.435645,-2.939958,2.0
2127,16.9657,7.8799214,4.0
2128,13.046503,9.3808565,4.0
2129,-3.1328356,6.182277,1.0
2130,8.238674,0.7433709,3.0
2131,14.795722,9.757168,4.0
2132,12.836239,-3.5298092,2.0
2133,-4.003717,7.596619,3.0
2134,-16.199993,12.413765,0.0
2135,8.068651,-12.859885,0.0
2136,11.932515,-0.5192444,4.0
2137,-5.4129148,4.5576854,1.0
2138,11.568075,-1.9808319,3.0
2139,7.807865,1.173745,2.0
2140,-7.3469825,6.2290072,0.0
2141,10.515576,-0.564268,3.0
2142,12.288977,-0.9582958,1.0
2143,-5.4778996,4.166185,1.0
2144,10.779798,-0.2823532,1.0
2145,15.107183,-2.9384127,2.0
2146,9.4689865,-2.4981015,2.0
2147,2.5627823,-6.6031194,0.0
2148,9.154768,-3.2109528,2.0
2149,-16.34494,11.815348,0.0
2150,-6.0152307,5.3302326,1.0
2151,-8.529733,7.751878,0.0
2152,14.760123,0.018321866,1.0
2153,2.7295709,-6.935798,0.0
2154,14.829739,9.128078,4.0
2155,16.688372,7.7695303,4.0
2156,10.659115,-0.22742975,1.0
2157,11.282235,-3.0225675,3.0
2158,2.8031864,-6.906529,0.0
2159,10.964995,-0.50679624,1.0
2160,7.5877833,1.68735,2.0
2161,11.316999,-3.85834,3.0
2162,9.636463,-0.5695346,3.0
2163,9.46636,-0.44404557,3.0
2164,25.972532,-3.9153407,0.0
2165,-3.48357,6.6013846,1.0
2166,-5.9324756,5.996715,3.0
2167,-5.5467634,3.924749,0.0
2168,-5.624892,6.620034,3.0
2169,9.158731,-3.2029507,2.0
2170,-1.9328681,6.6881633,1.0
2171,15.371024,5.8546453,4.0
2172,11.834633,-5.7788773,2.0
2173,11.616372,-5.406324,2.0
2174,16.51121,4.4580135,2.0
2175,-8.088811,8.078718,0.0
2176,11.906793,-5.7019057,2.0
2177,14.985886,0.4518449,1.0
2178,10.409529,-3.4834194,2.0
2179,-8.1647215,6.892538,0.0
2180,11.249645,-0.49964598,1.0
2181,11.328614,-1.5440655,3.0
2182,-8.571842,6.6011295,0.0
2183,11.426007,-4.1683993,2.0
2184,-5.584299,4.1415896,0.0
2185,-4.042413,7.4543247,3.0
2186,11.337209,-1.7794088,3.0
2187,-16.780348,12.755417,0.0
2188,16.583345,5.7507043,4.0
2189,-4.517452,1.3493435,1.0
2190,13.647223,7.7370915,4.0
2191,8.086411,-12.880484,0.0
2192,17.216698,6.223507,4.0
2193,8.510064,0.50316614,3.0
2194,11.1177845,-3.42975,2.0
2195,11.09094,-3.1765413,2.0
2196,-8.34612,6.3150463,0.0
2197,11.321947,-6.085164,2.0
2198,8.059281,-12.856479,0.0
2199,25.983881,-3.9232652,0.0
2200,-3.3696141,6.622794,1.0
2201,8.280174,0.7676529,3.0
2202,-6.574356,6.5574713,1.0
2203,-4.4846435,0.41441166,1.0
2204,15.357862,4.263833,4.0
2205,-2.8600953,6.1756287,1.0
2206,7.9722805,-12.823024,0.0
2207,13.075571,9.488528,4.0
2208,-3.3193784,6.5482635,1.0
2209,11.866365,-4.146979,2.0
2210,8.773391,0.42423454,3.0
2211,-6.281402,6.2998757,2.0
2212,-5.6252537,4.208948,0.0
2213,15.007182,9.096527,4.0
2214,15.255161,10.496145,4.0
2215,11.350654,-6.127782,2.0
2216,13.2203455,-0.50469697,1.0
2217,11.649854,-5.346652,2.0
2218,10.322626,-1.1901691,4.0
2219,13.839095,-0.4425493,1.0
2220,10.047269,-0.78740567,3.0
2221,14.869762,-2.850992,2.0
2222,11.391463,-0.70672596,1.0
2223,12.803892,8.481267,4.0
2224,-7.9594407,8.34091,0.0
2225,-16.795603,12.797313,0.0
2226,11.996401,-5.6003118,2.0
2227,-3.3035839,6.5861087,1.0
2228,-4.078562,7.6348906,3.0
2229,8.004907,-12.835841,0.0
2230,-16.79055,12.786197,0.0
2231,12.301253,0.18299864,3.0
2232,-7.782996,7.314703,0.0
2233,-6.733718,6.569935,1.0
2234,9.294887,-2.7317529,2.0
2235,-4.8974905,6.524343,1.0
2236,15.439048,10.583187,4.0
2237,-4.703678,6.5762076,1.0
2238,-6.057541,5.4115214,1.0
2239,-9.285971,7.285031,0.0
2240,-16.193659,12.4525795,0.0
2241,16.820646,5.9927955,4.0
2242,-8.011768,8.339449,0.0
2243,15.525078,9.830426,4.0
2244,-4.528374,1.3631328,1.0
2245,13.259801,-0.6435014,1.0
2246,2.6533358,-6.779186,0.0
2247,7.4979205,0.9531859,3.0
2248,9.545036,-0.59217733,3.0
2249,-16.813873,12.789651,0.0
2250,8.815427,0.2202921,3.0
2251,15.098416,-2.9831314,2.0
2252,11.899995,-0.41608143,3.0
2253,7.7277484,-12.704489,0.0
2254,-8.388901,6.439496,0.0
2255,2.835063,-6.9907737,0.0
2256,-4.244371,6.34295,1.0
2257,-5.3208203,3.4167254,1.0
2258,7.4964204,-12.591083,0.0
2259,11.373348,-5.1688347,2.0
2260,25.990705,-3.9268956,0.0
2261,11.346967,-2.4155917,3.0
2262,7.583928,1.5408995,2.0
2263,-9.020901,7.0284038,0.0
2264,11.535738,-2.445498,3.0
2265,-5.835099,4.7053657,1.0
2266,-6.2277255,5.4800286,1.0
2267,15.249742,10.444012,4.0
2268,15.01964,9.338218,4.0
2269,15.858917,8.106782,4.0
2270,-5.630185,4.6344943,1.0
2271,15.26387,-2.6532156,2.0
2272,-5.329024,6.6640406,3.0
2273,11.376221,-4.5850315,2.0
2274,9.168595,-0.14314602,3.0
2275,11.518319,-1.4621266,3.0
2276,16.269342,5.6478267,4.0
2277,11.563684,-5.86446,2.0
2278,-8.678639,6.699694,0.0
2279,15.296187,-2.6284046,2.0
2280,-3.9055822,7.9789753,3.0
2281,15.432969,9.765657,4.0
2282,9.082632,-3.1903799,2.0
2283,-4.524461,1.3818309,1.0
2284,13.11977,9.406378,4.0
2285,-4.6898184,6.493501,1.0
2286,-5.8459673,4.8508296,1.0
2287,-8.341276,6.4001784,0.0
2288,25.990484,-3.927233,0.0
2289,16.866209,6.2122164,4.0
2290,11.199585,-5.0100217,2.0
2291,15.282687,3.8817477,4.0
2292,9.424263,-2.9713845,2.0
2293,-8.625731,7.7152534,0.0
2294,11.905999,-5.717133,2.0
2295,25.98058,-3.9190905,0.0
2296,-4.9261875,2.0002122,1.0
2297,15.04308,-2.91087,2.0
2298,11.903832,-5.7417984,2.0
2299,-6.691087,6.369378,1.0
2300,-9.090316,6.803734,0.0
2301,9.259043,1.8127782,4.0
2302,-5.0256815,6.6540546,1.0
2303,-4.164669,6.2998414,1.0
2304,11.813424,-5.809366,2.0
2305,8.0555935,-12.85171,0.0
2306,-8.159391,7.219594,0.0
2307,-5.5212264,4.013508,0.0
2308,11.482561,-6.2446012,2.0
2309,-6.1991544,6.159862,1.0
2310,-8.178499,8.271026,0.0
2311,10.031899,-3.27185,2.0
2312,17.06894,6.649084,4.0
2313,-11.66398,7.396565,0.0
2314,-4.526816,1.2205905,1.0
2315,13.335651,8.935659,4.0
2316,15.291833,-2.5891132,3.0
2317,14.544818,9.052246,4.0
2318,-4.263517,6.4724264,1.0
2319,11.68816,-5.862704,2.0
2320,-6.104331,5.657837,0.0
2321,11.525496,-0.72257584,1.0
2322,25.990538,-3.9264655,0.0
2323,12.435465,-3.407825,3.0
2324,8.054724,0.8652558,3.0
2325,9.154534,-3.1503658,2.0
2326,18.800777,6.2426686,3.0
2327,15.219092,9.795458,4.0
2328,-5.5782323,4.0163217,0.0
2329,-3.7697318,6.6359653,1.0
2330,10.54932,-3.5309727,2.0
2331,13.076612,8.861391,4.0
2332,9.094669,-3.2046144,2.0
2333,-8.020886,8.157092,0.0
2334,-4.5842075,1.9006897,1.0
2335,15.062279,-2.8873682,2.0
2336,12.570891,-0.49610192,1.0
2337,-6.3811164,6.326905,0.0
2338,-8.932264,4.4280653,1.0
2339,-3.4285505,6.595372,1.0
2340,10.346526,-0.5489136,3.0
2341,9.427686,-2.7874763,2.0
2342,11.441892,-2.7186515,3.0
2343,9.713786,-0.26369375,2.0
2344,15.362497,10.277542,4.0
2345,7.3350806,0.9904077,3.0
2346,-2.0641232,6.6638536,1.0
2347,7.300811,0.9190555,3.0
2348,10.874233,-0.3385509,1.0
2349,8.909022,1.3230206,4.0
2350,-3.80543,6.6018257,1.0
2351,18.368603,6.2804937,4.0
2352,13.139634,9.354904,4.0
2353,-4.1272063,7.5641665,3.0
2354,13.224707,9.403577,4.0
2355,-8.470688,6.487521,0.0
2356,-4.574402,6.542705,1.0
2357,16.676895,4.285928,4.0
2358,-8.299378,6.34979,0.0
2359,15.050744,-3.0106664,2.0
2360,9.090364,-3.2712576,2.0
2361,11.290421,-4.8627605,2.0
2362,-8.115024,8.23127,0.0
2363,-5.894725,5.061171,1.0
2364,7.2723417,0.74367523,3.0
2365,-3.727478,7.427298,3.0
2366,-5.9916162,5.088455,1.0
2367,-8.742877,5.8568544,0.0
2368,8.087375,-12.848264,0.0
2369,15.253144,-2.5639362,3.0
2370,10.255188,-0.4123852,3.0
2371,9.458002,-2.6960213,2.0
2372,-3.4878705,6.6054564,1.0
2373,8.707469,0.24868728,3.0
2374,-4.5128484,0.43480006,1.0
2375,11.49842,-6.1624937,2.0
2376,10.835735,-0.36200482,1.0
2377,12.309557,0.10852483,3.0
2378,2.7829428,-7.03155,0.0
2379,16.713398,8.201635,4.0
2380,11.98566,-5.2020335,2.0
2381,25.984278,-3.9226935,0.0
2382,13.194438,8.822375,4.0
2383,10.216832,-0.44307363,3.0
2384,7.506056,-12.603149,0.0
2385,-2.0667922,6.6482105,1.0
2386,-8.4415045,6.3980255,0.0
2387,25.98704,-3.9274237,0.0
2388,-5.968082,5.0538316,1.0
2389,-5.8913136,5.715386,1.0
2390,11.211359,-1.4239477,3.0
2391,17.952322,6.609664,4.0
2392,-3.123741,6.2622604,3.0
2393,10.719395,-0.3129832,1.0
2394,11.125914,-3.3466372,3.0
2395,11.372964,-6.0634117,2.0
2396,-8.8485985,7.2095275,0.0
2397,12.303794,0.35307506,2.0
2398,15.464731,10.015162,4.0
2399,11.913831,-5.73171,2.0
2400,-8.68122,7.553181,0.0
2401,-12.037576,7.6481667,0.0
2402,-7.5437403,6.869129,0.0
2403,7.8202577,-12.748989,0.0
2404,7.679059,0.9102326,3.0
2405,2.8723352,-6.9921656,0.0
2406,8.065262,-12.857137,0.0
2407,-8.366633,6.3676167,0.0
2408,9.221855,0.014621169,3.0
2409,-5.193458,6.703138,3.0
2410,-8.089122,8.158462,0.0
2411,7.243174,1.0315752,3.0
2412,7.5376134,-12.618227,0.0
2413,11.399573,-2.45091,3.0
2414,-2.0857177,6.6709,1.0
2415,-5.5989,6.5937114,3.0
2416,-3.868518,6.5276074,1.0
2417,-7.106574,6.641819,2.0
2418,-8.479968,7.806602,0.0
2419,10.151948,-0.3334209,3.0
2420,-8.323481,8.021595,0.0
2421,-3.9288957,6.5234303,1.0
2422,13.064521,9.387605,4.0
2423,11.905123,-5.699826,2.0
2424,11.830857,-0.7192195,4.0
2425,-5.436181,6.601741,1.0
2426,16.142576,8.498038,4.0
2427,11.561497,-1.6343993,2.0
2428,7.54406,-12.625993,0.0
2429,3.017905,-6.988237,0.0
2430,15.3296385,-2.6053176,3.0
2431,11.442621,-2.7403405,3.0
2432,-4.5245967,1.2480352,1.0
2433,9.75941,-0.6183584,3.0
2434,-2.3453467,6.429782,1.0
2435,-16.735447,12.709201,0.0
2436,11.832671,-5.7373548,2.0
2437,15.179326,10.172717,4.0
2438,13.016153,9.223406,4.0
2439,15.225724,9.99683,4.0
2440,7.5441303,1.0682878,2.0
2441,-7.183154,6.2504697,0.0
2442,7.5343943,-12.624429,0.0
2443,-8.90198,4.2724214,1.0
2444,-5.5338163,4.351437,1.0
2445,11.330838,-6.176051,2.0
2446,25.98831,-3.9253926,0.0
2447,7.1928725,0.8472531,3.0
2448,-5.535531,4.1370096,1.0
2449,15.75188,10.200455,4.0
2450,11.077899,-1.7424166,3.0
2451,9.494632,-3.0570805,2.0
2452,11.4338455,-2.2497704,3.0
2453,7.3203263,1.2225033,3.0
2454,15.034839,8.836913,4.0
2455,17.992392,5.789803,4.0
2456,10.69024,-4.9776692,2.0
2457,-6.2749724,5.7279987,1.0
2458,7.3079157,0.90318114,3.0
2459,-3.4547195,6.615666,1.0
2460,-4.5308123,1.3839849,1.0
2461,10.576963,-0.9898665,3.0
2462,10.7586155,-0.33738914,1.0
2463,11.285339,-1.2389544,3.0
2464,9.58916,-1.9633747,2.0
2465,-4.4364057,7.2449656,3.0
2466,11.354411,-1.086616,3.0
2467,14.976682,9.646475,4.0
2468,9.149578,-3.1660166,2.0
2469,15.107257,-3.1430483,2.0
2470,-7.958656,8.3425045,0.0
2471,12.226138,-0.20142555,3.0
2472,18.734165,6.091276,3.0
2473,-4.559983,1.5537502,1.0
2474,15.12805,-2.9144528,2.0
2475,7.490236,0.87085193,3.0
2476,14.864694,9.123647,4.0
2477,2.9172673,-7.0240984,0.0
2478,18.796703,6.197492,3.0
2479,14.827991,9.004966,4.0
2480,-9.172883,6.760724,0.0
2481,-16.330706,12.483148,0.0
2482,-5.577741,4.2674813,1.0
2483,7.5958195,-12.649749,0.0
2484,-3.718701,5.6471877,1.0
2485,11.179534,-3.2058964,3.0
2486,16.665115,5.970857,4.0
2487,12.68513,-3.809145,2.0
2488,9.0730505,-3.128626,2.0
2489,10.149757,-0.54008406,3.0
2490,-5.4475107,6.492487,1.0
2491,11.688721,-1.3620558,2.0
2492,16.784681,6.1938596,4.0
2493,7.5367203,-12.622915,0.0
2494,-8.460196,7.900708,0.0
2495,-8.118416,6.208591,0.0
2496,-5.0100207,6.5538144,1.0
2497,11.34129,-6.0720716,2.0
2498,9.66537,0.629284,4.0
2499,-6.069946,5.200168,1.0
2500,16.719744,6.8821096,4.0
2501,15.623093,-3.7720592,2.0
2502,14.74197,9.643399,4.0
2503,15.301653,8.201932,4.0
2504,9.027265,-3.2367063,2.0
2505,25.992155,-3.9281666,0.0
2506,10.16324,-0.9477392,3.0
2507,-5.6044297,4.5602927,1.0
2508,15.462962,5.708136,4.0
2509,-5.866795,4.626607,0.0
2510,-8.003352,8.275335,0.0
2511,-16.884014,12.82835,0.0
2512,-5.391689,6.4374,1.0
2513,13.023871,9.38198,4.0
2514,-8.48819,7.7749743,0.0
2515,11.059463,-3.4357326,3.0
2516,15.475021,4.136464,4.0
2517,16.804136,6.8787293,4.0
2518,11.319863,-0.4231539,1.0
2519,15.134947,8.589716,4.0
2520,-9.052843,4.998943,0.0
2521,-8.648114,4.457418,2.0
2522,-7.844429,6.7508087,0.0
2523,9.424238,-0.29654476,3.0
2524,11.321376,-6.1486363,2.0
2525,14.594381,-3.561517,2.0
2526,13.55117,9.144822,4.0
2527,18.244083,6.3246455,4.0
2528,-3.6198795,5.718503,1.0
2529,11.190334,-1.1074164,3.0
2530,13.409717,-0.6454868,1.0
2531,15.088255,-3.025464,2.0
2532,13.046015,7.5350294,4.0
2533,9.532325,-2.9200354,2.0
2534,-9.04065,6.7663164,0.0
2535,11.50039,-5.6923985,2.0
2536,10.778871,-0.3093956,1.0
2537,11.424263,-5.9975553,2.0
2538,12.620753,-3.7670467,2.0
2539,16.809572,7.9437065,4.0
2540,-5.6135283,4.350578,1.0
2541,12.033318,-0.08894976,3.0
2542,15.319864,-2.577877,3.0
2543,-6.1502576,5.6541214,0.0
2544,10.795078,-0.27322295,1.0
2545,-8.711712,5.5832033,0.0
2546,16.313223,4.780457,4.0
2547,16.207634,7.837931,4.0
2548,8.694011,0.41934657,2.0
2549,9.686877,-0.54313433,3.0
2550,11.396098,-5.538106,2.0
2551,-3.970934,7.600364,3.0
2552,11.381268,-6.0452476,2.0
2553,11.413119,-1.1076257,3.0
2554,17.138992,7.791264,4.0
2555,-3.6186564,6.5818534,1.0
2556,15.133675,9.901468,4.0
2557,-3.460829,6.5683165,1.0
2558,-4.7453074,6.5257835,1.0
2559,12.090418,-2.7857556,3.0
2560,-7.296734,6.176657,0.0
2561,15.742744,4.46028,4.0
2562,11.571454,-5.8819203,2.0
2563,-3.903875,7.917905,3.0
2564,-5.2617917,6.6212316,3.0
2565,13.290447,8.833734,4.0
2566,7.9985666,1.2083582,2.0
2567,14.786508,9.382784,4.0
2568,11.288428,-0.8974828,3.0
2569,16.484417,4.3658295,4.0
2570,-3.8281546,5.8515215,1.0
2571,-3.3015623,6.550835,1.0
2572,11.466194,-6.117298,2.0
2573,11.229888,-4.7702436,2.0
2574,-3.3045537,6.1961837,1.0
2575,7.893871,-12.786107,0.0
2576,15.162035,9.987876,4.0
2577,2.6974006,-7.0135655,0.0
2578,-3.3463526,6.4389706,3.0
2579,12.031331,-5.493691,2.0
2580,15.254826,9.716827,4.0
2581,-5.398957,3.6687741,0.0
2582,15.082772,9.231747,4.0
2583,-5.3680315,6.652909,3.0
2584,11.480088,-1.2277381,3.0
2585,11.3138685,-3.9659576,3.0
2586,25.98039,-3.9229684,0.0
2587,25.989796,-3.926653,0.0
2588,11.460759,-1.0758458,3.0
2589,-6.1246634,5.6378946,0.0
2590,-8.396107,7.9858923,0.0
2591,-8.806845,6.667135,0.0
2592,18.795979,6.2322307,3.0
2593,15.327586,-2.5459447,3.0
2594,-3.3951118,6.612937,1.0
2595,11.925823,-5.629638,2.0
2596,12.7856045,-3.5779932,2.0
2597,16.82651,8.044762,4.0
2598,-8.916989,4.0492196,2.0
2599,-4.0521593,7.5893855,3.0
2600,-10.1269045,7.232078,0.0
2601,12.543214,-3.8275106,2.0
2602,-16.475546,12.371271,0.0
2603,17.512676,7.122279,4.0
2604,-3.8846786,7.926094,3.0
2605,15.585851,-3.790712,2.0
2606,15.403285,10.498203,4.0
2607,9.246666,0.15752292,3.0
2608,7.4911427,1.006946,3.0
2609,10.230826,-0.96900964,4.0
2610,-8.747885,4.6639647,1.0
2611,12.153038,-0.051183116,3.0
2612,-4.9096527,2.598823,1.0
2613,-7.981564,8.301801,0.0
2614,13.021491,-3.8109012,2.0
2615,11.368143,-5.5584097,2.0
2616,-4.890494,6.651934,1.0
2617,-3.7881527,6.5601664,1.0
2618,16.591288,7.8144555,4.0
2619,2.8427665,-6.9068155,0.0
2620,-4.790691,1.9033518,1.0
2621,-16.49274,12.451696,0.0
2622,-6.326757,5.410487,0.0
2623,11.637161,-5.543657,2.0
2624,11.499772,-2.3291554,3.0
2625,16.474472,4.819904,4.0
2626,-7.360504,6.40527,0.0
2627,2.8393924,-7.0565257,0.0
2628,-4.7047586,6.507771,1.0
2629,-4.520859,0.44282207,1.0
2630,-3.1063118,6.2098675,3.0
2631,15.391356,8.30662,4.0
2632,15.179436,9.314142,4.0
2633,-3.905611,7.8927956,3.0
2634,25.992893,-3.9287856,0.0
2635,7.6307945,-12.653379,0.0
2636,-3.8923035,7.500195,2.0
2637,16.995516,6.839271,4.0
2638,14.694225,-0.019314853,1.0
2639,13.40408,9.05731,4.0
2640,-3.1808178,6.259023,1.0
2641,16.854578,6.949102,4.0
2642,14.948444,8.85565,4.0
2643,-2.0204344,6.7268205,1.0
2644,-16.623463,12.576439,0.0
2645,-11.906513,7.6316857,0.0
2646,-16.721895,12.671957,0.0
2647,-5.2357855,6.3609786,1.0
2648,-8.108382,6.835898,0.0
2649,17.862427,6.5636153,4.0
2650,25.982632,-3.9198036,0.0
2651,11.363072,-5.4582467,2.0
2652,-4.0510573,7.5946245,3.0
2653,14.89737,-0.19337776,2.0
2654,-5.6065125,4.201491,1.0
2655,-8.575579,7.2362638,0.0
2656,11.287426,-1.0239283,2.0
2657,18.713913,6.1499662,3.0
2658,10.318398,-0.90326226,3.0
2659,18.179813,6.4519153,3.0
2660,15.545041,10.280211,4.0
2661,16.794506,6.668325,4.0
2662,17.704412,6.425136,4.0
2663,-3.5518854,6.588431,1.0
2664,18.722363,6.2605762,3.0
2665,16.948315,6.0965433,4.0
2666,8.542496,0.40622178,3.0
2667,15.300172,10.296605,4.0
2668,11.328437,-5.341038,2.0
2669,7.5466604,-12.613566,0.0
2670,-4.095965,6.502197,1.0
2671,8.9180765,0.116509564,3.0
2672,17.272514,7.1546416,4.0
2673,17.694874,6.43589,4.0
2674,16.63309,8.568994,4.0
2675,9.189905,1.9017565,4.0
2676,11.400318,-0.54932004,1.0
2677,-8.035784,8.361173,0.0
2678,2.1232016,-7.049851,0.0
2679,7.7187304,1.6165724,2.0
2680,-3.4835815,6.5813704,1.0
2681,7.535963,-12.619151,0.0
2682,-4.455038,6.5500097,1.0
2683,-6.128562,5.3904886,0.0
2684,-6.1300373,5.532493,0.0
2685,10.789432,-0.23186663,1.0
2686,11.8829,-5.666245,2.0
2687,-4.490774,0.5426779,3.0
2688,13.281545,-0.6254811,1.0
2689,15.350077,10.451174,4.0
2690,11.45913,-2.6302967,3.0
2691,7.3108454,0.874214,3.0
2692,8.004937,0.97135395,3.0
2693,-3.5636487,6.5662913,1.0
2694,14.378238,-3.6738713,2.0
2695,-8.80136,4.5730104,1.0
2696,7.862575,-12.765109,0.0
2697,-3.8405101,7.9576635,2.0
2698,-2.0268655,6.692333,1.0
2699,11.388883,-2.8575804,3.0
2700,11.453731,-6.088979,2.0
2701,8.080547,-12.862719,0.0
2702,11.597062,-5.9096365,2.0
2703,-9.08717,6.738041,0.0
2704,-8.119504,8.104447,0.0
2705,-8.243987,6.2006226,0.0
2706,-9.101592,6.693167,0.0
2707,7.286705,0.8819115,3.0
2708,11.555475,-1.6975408,3.0
2709,11.94069,-5.6135416,2.0
2710,-5.9425035,6.0056562,3.0
2711,7.7294393,-12.702526,0.0
2712,-3.6482935,5.743745,1.0
2713,-3.0881655,6.2555413,1.0
2714,13.491331,9.3344,4.0
2715,14.210493,-0.4290434,1.0
2716,11.3948345,-5.646102,2.0
2717,9.104973,-3.0686078,2.0
2718,11.04284,-1.2680036,3.0
2719,-9.116611,6.8193183,0.0
2720,-4.0072336,6.498032,1.0
2721,-5.4739337,3.9352632,1.0
2722,-6.512611,5.7509,1.0
2723,-2.363209,6.654912,1.0
2724,-9.430674,6.981297,0.0
2725,7.375991,1.7806097,2.0
2726,-4.00079,7.597311,3.0
2727,-4.9961605,2.2497861,1.0
2728,-3.2889068,6.7498283,1.0
2729,-1.4243891,-2.0345044,3.0
2730,16.738337,7.8415513,4.0
2731,11.462668,-5.728401,2.0
2732,25.991215,-3.9280524,0.0
2733,-4.515384,0.4090182,1.0
2734,14.827706,8.908859,4.0
2735,17.829153,6.285321,4.0
2736,-3.8197773,5.9460154,1.0
2737,16.607227,5.946794,4.0
2738,25.98846,-3.9229186,0.0
2739,-16.745106,12.732525,0.0
2740,-8.557352,7.031481,0.0
2741,-5.9819245,5.3221574,1.0
2742,-8.379513,6.3247,0.0
2743,-8.047508,6.847234,0.0
2744,-11.460936,7.41443,0.0
2745,-16.01377,12.460888,0.0
2746,13.101133,9.262639,4.0
2747,-16.35279,12.495066,0.0
2748,-16.066097,12.436012,0.0
2749,9.349435,-2.7192698,2.0
2750,15.346014,-2.570343,3.0
2751,-4.0457506,6.5480595,1.0
2752,-8.927357,6.658383,0.0
2753,11.395735,-2.6791365,3.0
2754,7.4316354,-12.55501,0.0
2755,10.350526,-0.8853674,3.0
2756,-8.469295,7.580904,0.0
2757,-4.4912186,0.5371568,1.0
2758,7.5111904,-12.603947,0.0
2759,15.319696,10.451266,4.0
2760,-9.030643,6.75421,0.0
2761,16.975565,7.9454126,4.0
2762,-3.999199,7.586221,3.0
2763,-4.588331,0.73925155,1.0
2764,9.1286,-3.135131,2.0
2765,7.490585,1.5712364,2.0
2766,-2.9020956,6.012008,1.0
2767,-4.5459228,1.4225525,1.0
2768,-5.2164354,6.63018,3.0
2769,10.6391945,-0.8860744,3.0
2770,7.560894,1.6325122,2.0
2771,-5.0776014,2.62409,1.0
2772,10.411986,-1.0219412,3.0
2773,-3.5443313,5.7989173,1.0
2774,10.14466,-0.48994935,3.0
2775,25.985483,-3.9246147,0.0
2776,-9.133003,7.027223,0.0
2777,15.214972,8.841597,4.0
2778,15.346778,10.420855,4.0
2779,-8.429705,6.3941984,0.0
2780,10.319403,-0.47166887,3.0
2781,-5.8013,5.0785923,1.0
2782,11.431284,-2.0540123,3.0
2783,-4.472047,0.22555195,1.0
2784,15.612547,8.165023,4.0
2785,-2.060566,6.6143255,1.0
2786,-3.8583393,8.001983,3.0
2787,2.8246658,-6.97036,0.0
2788,25.988224,-3.926284,0.0
2789,7.5517607,-12.62605,0.0
2790,15.229376,10.133523,4.0
2791,-8.963191,5.020634,0.0
2792,-9.215493,3.8412852,1.0
2793,-3.2470407,6.6389337,1.0
2794,-16.899208,13.027726,0.0
2795,11.221018,-3.6444762,3.0
2796,15.300358,-2.478351,3.0
2797,8.894981,0.056226686,3.0
2798,-8.581982,4.86703,2.0
2799,-12.05141,7.6506023,0.0
2800,-8.505646,6.94233,0.0
2801,-2.9499834,-11.351583,2.0
2802,8.138424,-12.889451,0.0
2803,-4.8834224,1.9665976,1.0
2804,7.8948083,-12.790248,0.0
2805,-9.366841,3.8587215,1.0
2806,-3.802754,5.6995907,1.0
2807,15.417537,10.438473,4.0
2808,11.530201,-4.6974564,2.0
2809,-7.549115,7.376152,0.0
2810,15.301281,-2.487641,3.0
2811,11.800758,-1.4167604,2.0
2812,10.771284,-0.31609517,1.0
2813,13.20769,-0.6048873,1.0
2814,15.044286,9.643833,4.0
2815,15.340031,-2.5704956,2.0
2816,18.83401,6.0982227,3.0
2817,-8.046238,8.306431,0.0
2818,15.689186,8.232296,4.0
2819,7.53108,-12.61984,0.0
2820,-8.049494,8.344424,0.0
2821,25.989275,-3.9262226,0.0
2822,10.763412,-3.579084,2.0
2823,11.47916,-5.6934395,2.0
2824,11.563378,-2.2753038,3.0
2825,-7.5053225,6.2218814,0.0
2826,-4.7028236,6.586231,1.0
2827,16.953394,6.642466,4.0
2828,15.300463,-2.4104507,3.0
2829,18.774872,6.204812,3.0
2830,-4.0715313,7.6117215,3.0
2831,14.992424,9.9052515,4.0
2832,13.461099,-0.57962203,1.0
2833,-4.916126,2.0247838,1.0
2834,11.241091,-5.20623,2.0
2835,7.8743286,-12.776939,0.0
2836,-3.922252,7.929261,3.0
2837,15.216145,9.991094,4.0
2838,14.221045,8.878856,4.0
2839,-7.541813,6.220388,0.0
2840,-9.056957,7.1797137,0.0
2841,11.307127,-6.2417517,2.0
2842,-2.999659,-11.344924,2.0
2843,11.776265,6.672434,4.0
2844,16.752737,8.1474085,4.0
2845,8.031721,-12.844942,0.0
2846,9.042125,1.2032766,4.0
2847,-8.055714,8.289933,0.0
2848,11.154824,-0.5479011,3.0
2849,9.613479,-0.533237,3.0
2850,15.074647,9.859856,4.0
2851,-8.397305,6.4143324,0.0
2852,-11.790958,7.55788,0.0
2853,18.744926,6.2477236,3.0
2854,12.107254,-0.05859035,2.0
2855,16.871956,6.718065,4.0
2856,-6.186388,6.0624995,1.0
2857,-6.216122,6.5534835,2.0
2858,-3.9083457,7.57577,3.0
2859,15.20093,-2.7808232,2.0
2860,-8.005682,8.369266,0.0
2861,10.263748,-0.45622492,3.0
2862,14.983375,8.546118,4.0
2863,15.231354,10.06039,4.0
2864,-3.5672338,6.018961,1.0
2865,15.273504,8.431436,4.0
2866,-8.327957,6.2784724,0.0
2867,-4.5494757,1.5043805,1.0
2868,16.660662,6.9743185,4.0
2869,17.883547,6.69776,4.0
2870,16.532755,5.377068,4.0
2871,25.98774,-3.9254918,0.0
2872,12.444114,-3.055027,3.0
2873,-3.6977453,7.134823,3.0
2874,9.515909,-0.49373543,3.0
